CURRENT PATH,PROPOSED PATH,OLD LENGTH,NEW LENGTH,RESPONSIBILITY,REASON
docs/implementation/pos/Implementation_Plan_Dual_Field_Item_AutoSearch_And_Attribute_Inspector_v6.11.0.md,docs/implementation/pos/Plan_Dual_Field.md,81,18,Documentation in docs/implementation/pos,Standardized document filename <= 22 chars
docs/implementation/foundation/Commercial_Growth_Customer360_Fulfillment_And_Cost_Profitability_Plan_v1.0.md,docs/implementation/foundation/Comm_Growth.md,77,14,Documentation in docs/implementation/foundation,Standardized document filename <= 22 chars
docs/implementation/inventory/Implementation_Plan_Universal_ViewConfiguration_GlobalSchemaControl_v5.4.0.md,docs/implementation/inventory/Plan_Universal.md,77,17,Documentation in docs/implementation/inventory,Standardized document filename <= 22 chars
docs/implementation/inventory/Implementation_Plan_ViewConfiguration_And_ExcelMapper_Stabilization_v5.6.0.md,docs/implementation/inventory/Plan_ViewConfig.md,77,18,Documentation in docs/implementation/inventory,Standardized document filename <= 22 chars
docs/implementation/security/Implementation_Plan_DualMode_HUD_ZeroData_Login_FullActive_Session_v6.14.0.md,docs/implementation/security/Plan_DualMode_HUD.md,77,20,Documentation in docs/implementation/security,Standardized document filename <= 22 chars
docs/walkthrough/crm/CRM_Customer_Flow_Policy_Enforcement_And_Referential_Integrity_v6.15.0.md,docs/walkthrough/crm/CRM_Customer_Flow.md,73,20,Documentation in docs/walkthrough/crm,Standardized document filename <= 22 chars
docs/walkthrough/foundation/Commercial_Growth_Customer360_Fulfillment_And_Cost_Profitability_v1.0.md,docs/walkthrough/foundation/Comm_Growth.md,72,14,Documentation in docs/walkthrough/foundation,Standardized document filename <= 22 chars
docs/walkthrough/foundation/Multi_Tenant_Sales_Contract_And_Workspace_Themes_Remediation_v3.26.0.md,docs/walkthrough/foundation/Multi_Tenant.md,71,15,Documentation in docs/walkthrough/foundation,Standardized document filename <= 22 chars
docs/walkthrough/inventory/Inventory_Barcode_Label_Designer_And_Printer_Industrial_Logic_v6.2.0.md,docs/walkthrough/inventory/Inv_Barcode_Label.md,71,20,Documentation in docs/walkthrough/inventory,Standardized document filename <= 22 chars
docs/walkthrough/barcode/Barcode_Label_Designer_And_Printer_Stitch_Module_Replacement_v6.6.0.md,docs/walkthrough/barcode/Barcode_Label.md,70,16,Documentation in docs/walkthrough/barcode,Standardized document filename <= 22 chars
docs/walkthrough/foundation/Foundation_F2_Headless_Browse_And_Product_Endpoint_Alignment_v6.0.0.md,docs/walkthrough/foundation/Fdn_F2_Headless.md,70,18,Documentation in docs/walkthrough/foundation,Standardized document filename <= 22 chars
docs/walkthrough/foundation/SystemicDebt_WorkflowEvent_ExchangeTz_ReportsN1_BarcodeRace_v3.21.0.md,docs/walkthrough/foundation/SystemicDebt.md,70,15,Documentation in docs/walkthrough/foundation,Standardized document filename <= 22 chars
docs/walkthrough/foundation/Foundation_Database_Foundation_And_Domain_Layer_Walkthrough_v3.7.0.md,docs/walkthrough/foundation/Fdn_Database_Fdn.md,69,19,Documentation in docs/walkthrough/foundation,Standardized document filename <= 22 chars
docs/implementation/foundation/Platform_Refactor_Slice5_Approval_Workflow_Communicator_Plan_v1.0.md,docs/implementation/foundation/Platform_Refactor.md,68,20,Documentation in docs/implementation/foundation,Standardized document filename <= 22 chars
docs/implementation/security/Implementation_Plan_Auth_Guard_And_Bottom_Taskbar_Removal_v6.13.0.md,docs/implementation/security/Plan_Auth_Guard.md,68,18,Documentation in docs/implementation/security,Standardized document filename <= 22 chars
docs/walkthrough/foundation/Foundation_Pilot_Origin_Gap_Hardening_And_Field_Readiness_v3.29.0.md,docs/walkthrough/foundation/Fdn_Pilot_Origin.md,68,19,Documentation in docs/walkthrough/foundation,Standardized document filename <= 22 chars
docs/walkthrough/security/Security_Management_Menu_Access_Control_And_Configuration_v6.16.0.md,docs/walkthrough/security/Sec_Mgmt_Menu.md,68,16,Documentation in docs/walkthrough/security,Standardized document filename <= 22 chars
docs/implementation/foundation/Platform_Refactor_Slice6_Capability_Template_Workspace_Plan_v1.0.md,docs/implementation/foundation/Platform_Refactor_2.md,67,22,Documentation in docs/implementation/foundation,Standardized document filename <= 22 chars
docs/walkthrough/foundation/Foundation_Multi_Company_Assignment_And_Tenant_Isolation_v3.22.0.md,docs/walkthrough/foundation/Fdn_Multi_Company.md,67,20,Documentation in docs/walkthrough/foundation,Standardized document filename <= 22 chars
docs/walkthrough/foundation/Platform_Ephemeral_Tenant_Harness_Migration_Verification_v6.16.0.md,docs/walkthrough/foundation/Platform.md,67,11,Documentation in docs/walkthrough/foundation,Standardized document filename <= 22 chars
docs/implementation/sales/Zero_Touch_Automated_GST_Customer_Classification_Engine_v3.26.0.md,docs/implementation/sales/Zero_Touch.md,66,13,Documentation in docs/implementation/sales,Standardized document filename <= 22 chars
docs/walkthrough/governance/Governance_User_Training_Readiness_And_E2E_Certification_v1.0.0.md,docs/walkthrough/governance/Gov_User_Training.md,66,20,Documentation in docs/walkthrough/governance,Standardized document filename <= 22 chars
docs/walkthrough/inventory/Inventory_ItemMaster_NonEditable_Sku_Barcode_Enforcement_v6.1.0.md,docs/walkthrough/inventory/Inv_ItemMaster.md,66,17,Documentation in docs/walkthrough/inventory,Standardized document filename <= 22 chars
docs/walkthrough/sales/Sales_Tax_Invoice_Tattly_Threads_Format_Master_Replication_v1.0.md,docs/walkthrough/sales/Sales_Tax_Invoice.md,66,20,Documentation in docs/walkthrough/sales,Standardized document filename <= 22 chars
docs/walkthrough/sales/Zero_Touch_Automated_GST_Customer_Classification_Engine_v3.26.0.md,docs/walkthrough/sales/Zero_Touch.md,66,13,Documentation in docs/walkthrough/sales,Standardized document filename <= 22 chars
docs/walkthrough/security/Security_DualMode_HUD_ZeroData_Login_FullActive_Session_v6.14.0.md,docs/walkthrough/security/Sec_DualMode_HUD.md,66,19,Documentation in docs/walkthrough/security,Standardized document filename <= 22 chars
docs/implementation/foundation/Configurable_Variant_Option_Matrix_And_Excel_Direct_Entry_v1.0.md,docs/implementation/foundation/Configurable.md,65,15,Documentation in docs/implementation/foundation,Standardized document filename <= 22 chars
docs/walkthrough/foundation/SMRITI_UI_UX_Contrast_And_Excel_Grid_Audit_Walkthrough_v3.17.0.md,docs/walkthrough/foundation/UI_UX_Contrast.md,65,17,Documentation in docs/walkthrough/foundation,Standardized document filename <= 22 chars
docs/walkthrough/pos/POS_Dual_Field_Item_AutoSearch_And_Attribute_Inspector_v6.11.0.md,docs/walkthrough/pos/POS_Dual_Field.md,65,17,Documentation in docs/walkthrough/pos,Standardized document filename <= 22 chars
docs/implementation/inventory/Implementation_Plan_Remove_Common_Fields_Setup_Module_v6.12.0.md,docs/implementation/inventory/Plan_Remove.md,64,14,Documentation in docs/implementation/inventory,Standardized document filename <= 22 chars
docs/walkthrough/billing/Distributor_Invoicing_Settlement_And_PDT_Import_Stitch_v6.7.0.md,docs/walkthrough/billing/Distributor.md,64,14,Documentation in docs/walkthrough/billing,Standardized document filename <= 22 chars
docs/walkthrough/devops/Docker_Orchestration_And_Automatic_Startup_Walkthrough_v3.1.0.md,docs/walkthrough/devops/Docker.md,64,9,Documentation in docs/walkthrough/devops,Standardized document filename <= 22 chars
docs/walkthrough/foundation/Foundation_Security_Hardening_And_FastAPI_Integration_v3.15.0.md,docs/walkthrough/foundation/Fdn_Sec_Hardening.md,64,20,Documentation in docs/walkthrough/foundation,Standardized document filename <= 22 chars
docs/implementation/db/FastAPI_Reports_Migration_And_Governance_Update_Plan_v3.15.0.md,docs/implementation/db/FastAPI_Reports.md,63,18,Documentation in docs/implementation/db,Standardized document filename <= 22 chars
docs/implementation/inventory/Implementation_Plan_ItemMaster_StitchManagementSystem_v5.3.0.md,docs/implementation/inventory/Plan_ItemMaster.md,63,18,Documentation in docs/implementation/inventory,Standardized document filename <= 22 chars
docs/walkthrough/foundation/Foundation_UIUX_Duplication_And_Hardcode_Remediation_v3.29.0.md,docs/walkthrough/foundation/Fdn_UIUX.md,63,11,Documentation in docs/walkthrough/foundation,Standardized document filename <= 22 chars
docs/implementation/foundation/Database_Models_And_Repositories_Implementation_Plan_v3.7.0.md,docs/implementation/foundation/Database_Models.md,62,18,Documentation in docs/implementation/foundation,Standardized document filename <= 22 chars
docs/walkthrough/foundation/Foundation_Monolith_Refactoring_And_Route_Splitting_v3.15.0.md,docs/walkthrough/foundation/Fdn_Monolith.md,62,15,Documentation in docs/walkthrough/foundation,Standardized document filename <= 22 chars
docs/walkthrough/foundation/SMRITI_Header_Alias_Auto_Mapping_Engine_Walkthrough_v3.17.0.md,docs/walkthrough/foundation/Header_Alias_Auto.md,62,20,Documentation in docs/walkthrough/foundation,Standardized document filename <= 22 chars
docs/implementation/foundation/Refactoring_Monolith_And_Database_Unification_Plan_v3.15.0.md,docs/implementation/foundation/Refactoring.md,61,14,Documentation in docs/implementation/foundation,Standardized document filename <= 22 chars
docs/walkthrough/barcode/Barcode_Label_Printing_And_QZ_Tray_Direct_Dispatch_v3.30.0.md,docs/walkthrough/barcode/Barcode_Label_2.md,61,18,Documentation in docs/walkthrough/barcode,Standardized document filename <= 22 chars
docs/walkthrough/foundation/Foundation_Form_Standardization_And_Setup_Defaults_v3.16.0.md,docs/walkthrough/foundation/Fdn_Form.md,61,11,Documentation in docs/walkthrough/foundation,Standardized document filename <= 22 chars
docs/walkthrough/foundation/Foundation_Test_Fixture_Environment_Dependency_Fix_v3.29.0.md,docs/walkthrough/foundation/Fdn_Test_Fixture.md,61,19,Documentation in docs/walkthrough/foundation,Standardized document filename <= 22 chars
docs/walkthrough/inventory/Inventory_Barcode_Printing_Against_Purchase_PT_File_v6.4.0.md,docs/walkthrough/inventory/Inv_Barcode.md,61,14,Documentation in docs/walkthrough/inventory,Standardized document filename <= 22 chars
docs/walkthrough/sales/Tattly_Threads_Tax_Invoice_Batch_Generation_107_128_v4.9.0.md,docs/walkthrough/sales/Tattly_Threads.md,61,17,Documentation in docs/walkthrough/sales,Standardized document filename <= 22 chars
docs/architecture/decisions/MC-METADATA-ARCHITECTURE-DECISION_v1.1_precondition_patch.md,docs/architecture/decisions/MC-METADATA-ARCHIT.md,60,21,Documentation in docs/architecture/decisions,Standardized document filename <= 22 chars
docs/walkthrough/foundation/SMRITI_Contextual_Navigation_Refactor_Walkthrough_v3.17.0.md,docs/walkthrough/foundation/Contextual.md,60,13,Documentation in docs/walkthrough/foundation,Standardized document filename <= 22 chars
docs/walkthrough/foundation/Foundation_CI_Test_Enforcement_And_SGIP_Planning_v3.16.0.md,docs/walkthrough/foundation/Fdn_CI_Test.md,59,14,Documentation in docs/walkthrough/foundation,Standardized document filename <= 22 chars
docs/walkthrough/foundation/Foundation_FastAPI_v13_v14_Migration_Walkthrough_v3.16.0.md,docs/walkthrough/foundation/Fdn_FastAPI_v13.md,59,18,Documentation in docs/walkthrough/foundation,Standardized document filename <= 22 chars
docs/walkthrough/foundation/Foundation_SGIP_Milestone1_Compliance_Foundation_v3.16.0.md,docs/walkthrough/foundation/Fdn_SGIP.md,59,11,Documentation in docs/walkthrough/foundation,Standardized document filename <= 22 chars
docs/walkthrough/invoicing/Invoicing_MasterTaxInvoiceHardening_And_Watermark_v4.9.5.md,docs/walkthrough/invoicing/Invoicing.md,59,12,Documentation in docs/walkthrough/invoicing,Standardized document filename <= 22 chars
docs/implementation/crm/Customer_Price_Group_And_Database_Integrity_Plan_v6.9.0.md,docs/implementation/crm/Customer_Price.md,58,17,Documentation in docs/implementation/crm,Standardized document filename <= 22 chars
docs/implementation/foundation/Platform_Refactor_Slice4_Pricing_GST_Payments_Plan_v1.0.md,docs/implementation/foundation/Platform_Refactor_3.md,58,22,Documentation in docs/implementation/foundation,Standardized document filename <= 22 chars
docs/implementation/pos/Implementation_Plan_ProPOS_Unified_Billing_Suite_v6.0.0.md,docs/implementation/pos/Plan_ProPOS.md,58,14,Documentation in docs/implementation/pos,Standardized document filename <= 22 chars
docs/walkthrough/foundation/Clean_Architecture_And_Offline_First_Walkthrough_v3.0.0.md,docs/walkthrough/foundation/Clean_Arch_And.md,58,17,Documentation in docs/walkthrough/foundation,Standardized document filename <= 22 chars
docs/walkthrough/security/Multi_Tenant_Database_Routing_And_Secret_Hardening_v1.0.md,docs/walkthrough/security/Multi_Tenant.md,58,15,Documentation in docs/walkthrough/security,Standardized document filename <= 22 chars
docs/walkthrough/wms/WMS_Phase3_EWay_Bill_Delivery_Challan_Logistics_v6.16.0.md,docs/walkthrough/wms/WMS_Phase3_EWay.md,58,18,Documentation in docs/walkthrough/wms,Standardized document filename <= 22 chars
docs/architecture/SMRITI_DEVELOPMENT_HEALTH_INDEX_RECONCILIATION_v3.25.0.md,docs/architecture/DEVELOPMENT.md,57,14,Documentation in docs/architecture,Standardized document filename <= 22 chars
docs/walkthrough/foundation/Foundation_Enterprise_Label_Printing_Framework_v3.16.0.md,docs/walkthrough/foundation/Fdn_Enterprise.md,57,17,Documentation in docs/walkthrough/foundation,Standardized document filename <= 22 chars
docs/walkthrough/foundation/Foundation_Tenant_Isolation_And_Domain_REST_API_v3.8.0.md,docs/walkthrough/foundation/Fdn_Tenant.md,57,13,Documentation in docs/walkthrough/foundation,Standardized document filename <= 22 chars
docs/walkthrough/inventory/Universal_ViewConfiguration_GlobalSchemaControl_v5.4.0.md,docs/walkthrough/inventory/Universal.md,57,12,Documentation in docs/walkthrough/inventory,Standardized document filename <= 22 chars
docs/walkthrough/inventory/ViewConfiguration_And_ExcelMapper_Stabilization_v5.6.0.md,docs/walkthrough/inventory/ViewConfig_And.md,57,17,Documentation in docs/walkthrough/inventory,Standardized document filename <= 22 chars
docs/walkthrough/security/Security_Auth_Guard_And_Bottom_Taskbar_Removal_v6.13.0.md,docs/walkthrough/security/Sec_Auth_Guard.md,57,17,Documentation in docs/walkthrough/security,Standardized document filename <= 22 chars
docs/implementation/foundation/Database_API_And_Multi_Tenant_Enforcement_Plan_v3.8.0.md,docs/implementation/foundation/Database_API_And.md,56,19,Documentation in docs/implementation/foundation,Standardized document filename <= 22 chars
docs/walkthrough/foundation/Foundation_Report_User_Role_And_Audit_Logging_v3.16.0.md,docs/walkthrough/foundation/Fdn_Report_User.md,56,18,Documentation in docs/walkthrough/foundation,Standardized document filename <= 22 chars
docs/walkthrough/foundation/Global_Export_Center_Multi_Format_Multi_Scope_v3.25.0.md,docs/walkthrough/foundation/Global_Export.md,56,16,Documentation in docs/walkthrough/foundation,Standardized document filename <= 22 chars
docs/walkthrough/foundation/Platform_Accounting_POS_Cash_Drawer_Movements_v6.16.0.md,docs/walkthrough/foundation/Platform_2.md,56,13,Documentation in docs/walkthrough/foundation,Standardized document filename <= 22 chars
docs/walkthrough/foundation/SMRITI_Master_Framework_Phase_F_1_Walkthrough_v3.16.0.md,docs/walkthrough/foundation/Master_Framework.md,56,19,Documentation in docs/walkthrough/foundation,Standardized document filename <= 22 chars
docs/walkthrough/foundation/SMRITI_Master_Framework_Phase_F_2_Walkthrough_v3.16.0.md,docs/walkthrough/foundation/Master_Framework_2.md,56,21,Documentation in docs/walkthrough/foundation,Standardized document filename <= 22 chars
docs/walkthrough/foundation/SMRITI_Master_Framework_Phase_F_3_Walkthrough_v3.16.0.md,docs/walkthrough/foundation/Master_Framework__3.md,56,22,Documentation in docs/walkthrough/foundation,Standardized document filename <= 22 chars
docs/walkthrough/wms/WMS_Phase4_Stock_Audit_Reconciliation_Barcode_v6.16.0.md,docs/walkthrough/wms/WMS_Phase4_Stock.md,56,19,Documentation in docs/walkthrough/wms,Standardized document filename <= 22 chars
docs/implementation/crm/Implementation_Plan_Retail_Customer_Catalogue_v5.5.0.md,docs/implementation/crm/Plan_Retail.md,55,14,Documentation in docs/implementation/crm,Standardized document filename <= 22 chars
docs/walkthrough/foundation/Foundation_Barcode_PRN_Dynamic_Field_Mapping_v3.16.0.md,docs/walkthrough/foundation/Fdn_Barcode_PRN.md,55,18,Documentation in docs/walkthrough/foundation,Standardized document filename <= 22 chars
docs/walkthrough/inventory/Inventory_Barcode_Printing_Multi_Source_Modes_v6.5.0.md,docs/walkthrough/inventory/Inv_Barcode_2.md,55,16,Documentation in docs/walkthrough/inventory,Standardized document filename <= 22 chars
docs/architecture/SMRITI_COMPANY_ONBOARDING_PRODUCTION_READINESS_v1.0.md,docs/architecture/COMPANY.md,54,10,Documentation in docs/architecture,Standardized document filename <= 22 chars
docs/implementation/distribution/Distribution_And_Shared_Pricing_Engine_Plan_v3.22.0.md,docs/implementation/distribution/Dist_And_Shared.md,54,18,Documentation in docs/implementation/distribution,Standardized document filename <= 22 chars
docs/implementation/foundation/Platform_Refactor_Slice3_Sales_POS_Ledger_Plan_v1.0.md,docs/implementation/foundation/Platform_Refactor_4.md,54,22,Documentation in docs/implementation/foundation,Standardized document filename <= 22 chars
docs/implementation/foundation/Platform_Refactor_Slice7_Outbox_Analytics_Plan_v1.0.md,docs/implementation/foundation/Platform_Refactor_5.md,54,22,Documentation in docs/implementation/foundation,Standardized document filename <= 22 chars
docs/implementation/security/Company_Control_Center_Security_Hardening_Plan_v1.0.md,docs/implementation/security/Company_Control.md,54,18,Documentation in docs/implementation/security,Standardized document filename <= 22 chars
docs/walkthrough/foundation/Foundation_CRM_Loyalty_CustomerMaster_Split_v3.16.0.md,docs/walkthrough/foundation/Fdn_CRM_Loyalty.md,54,18,Documentation in docs/walkthrough/foundation,Standardized document filename <= 22 chars
docs/walkthrough/foundation/Foundation_One_Command_Installation_Scripts_v3.16.0.md,docs/walkthrough/foundation/Fdn_One_Command.md,54,18,Documentation in docs/walkthrough/foundation,Standardized document filename <= 22 chars
docs/walkthrough/foundation/Platform_Accounting_Fiscal_Lockouts_And_BRS_v6.16.0.md,docs/walkthrough/foundation/Platform_2_3.md,54,15,Documentation in docs/walkthrough/foundation,Standardized document filename <= 22 chars
docs/walkthrough/foundation/Platform_Accounting_POS_Shift_Close_ZReport_v6.16.0.md,docs/walkthrough/foundation/Platform_2_3_4.md,54,17,Documentation in docs/walkthrough/foundation,Standardized document filename <= 22 chars
docs/walkthrough/foundation/SMRITI_Master_Framework_Phase_A_Walkthrough_v3.16.0.md,docs/walkthrough/foundation/Master_Framework__4.md,54,22,Documentation in docs/walkthrough/foundation,Standardized document filename <= 22 chars
docs/walkthrough/foundation/SMRITI_Master_Framework_Phase_E_Walkthrough_v3.16.0.md,docs/walkthrough/foundation/Master_Framework__5.md,54,22,Documentation in docs/walkthrough/foundation,Standardized document filename <= 22 chars
docs/walkthrough/inventory/Inventory_DynamicItemAttributes_Unification_v3.29.1.md,docs/walkthrough/inventory/Inv.md,54,6,Documentation in docs/walkthrough/inventory,Standardized document filename <= 22 chars
docs/walkthrough/inventory/Inventory_Remove_Common_Fields_Setup_Module_v6.12.0.md,docs/walkthrough/inventory/Inv_Remove_Common.md,54,20,Documentation in docs/walkthrough/inventory,Standardized document filename <= 22 chars
docs/walkthrough/sales/Sales_CRM_Audit_And_POS_Upgrades_Walkthrough_v2.1.2.md,docs/walkthrough/sales/Sales_CRM_Audit.md,54,18,Documentation in docs/walkthrough/sales,Standardized document filename <= 22 chars
docs/walkthrough/sales/SMRITI_Statutory_A4_Tax_Invoice_Print_Engine_v4.7.0.md,docs/walkthrough/sales/Statutory_A4_Tax.md,54,19,Documentation in docs/walkthrough/sales,Standardized document filename <= 22 chars
docs/architecture/TAX_INVOICE_TATTLY_THREADS_CANONICAL_SPECIFICATION.md,docs/architecture/TAX_INVOICE.md,53,14,Documentation in docs/architecture,Standardized document filename <= 22 chars
docs/implementation/foundation/SMRITI_Contextual_Navigation_Refactor_Plan_v3.17.0.md,docs/implementation/foundation/Contextual.md,53,13,Documentation in docs/implementation/foundation,Standardized document filename <= 22 chars
docs/walkthrough/crm/Customer_Price_Group_And_Database_Integrity_v6.9.0.md,docs/walkthrough/crm/Customer_Price.md,53,17,Documentation in docs/walkthrough/crm,Standardized document filename <= 22 chars
docs/walkthrough/foundation/Foundation_Excel_Grid_Header_Paste_Mapping_v3.16.0.md,docs/walkthrough/foundation/Fdn_Excel_Grid.md,53,17,Documentation in docs/walkthrough/foundation,Standardized document filename <= 22 chars
docs/walkthrough/inventory/Inventory_ItemMaster_StitchManagementSystem_v5.3.0.md,docs/walkthrough/inventory/Inv_ItemMaster_2.md,53,19,Documentation in docs/walkthrough/inventory,Standardized document filename <= 22 chars
docs/walkthrough/inventory/Inventory_ItemMaster_TacticalGrid_Refactor_v3.29.0.md,docs/walkthrough/inventory/Inv_ItemMaster_2_3.md,53,21,Documentation in docs/walkthrough/inventory,Standardized document filename <= 22 chars
docs/walkthrough/invoicing/Invoicing_TattlyThreads_RendererCalibration_v4.9.2.md,docs/walkthrough/invoicing/Invoicing_2.md,53,14,Documentation in docs/walkthrough/invoicing,Standardized document filename <= 22 chars
docs/walkthrough/user_guide/SMRITI_Training_Academy_Phases3_5_Walkthrough_v1.0.md,docs/walkthrough/user_guide/Training_Academy.md,53,19,Documentation in docs/walkthrough/user_guide,Standardized document filename <= 22 chars
docs/_audit/CANONICAL_SYSTEM_STRUCTURE_FORENSIC_RECONCILIATION.md,docs/_audit/CANONICAL_SYSTEM.md,53,19,Documentation in docs/_audit,Standardized document filename <= 22 chars
docs/walkthrough/devops/Docker_Build_Fix_And_Default_User_Seeding_v3.16.0.md,docs/walkthrough/devops/Docker_Build_Fix.md,52,19,Documentation in docs/walkthrough/devops,Standardized document filename <= 22 chars
docs/walkthrough/foundation/Platform_Pricing_GST_Payments_Unification_v6.16.0.md,docs/walkthrough/foundation/Platform_Pricing.md,52,19,Documentation in docs/walkthrough/foundation,Standardized document filename <= 22 chars
docs/walkthrough/foundation/Project_Header_Standardization_Walkthrough_v3.3.0.md,docs/walkthrough/foundation/Project_Header.md,52,17,Documentation in docs/walkthrough/foundation,Standardized document filename <= 22 chars
backend/tests/test_offline_conflict_resolution_concurrent_soak.py,backend/tests/t_soak_conflict.py,51,18,FastAPI backend test suite,Shortened backend test module filename to t_<domain> <= 22 chars
docs/architecture/SMRITI_COMPANY_DATABASE_PROVISIONING_ENGINE_v1.0.md,docs/architecture/COMPANY_DATABASE.md,51,19,Documentation in docs/architecture,Standardized document filename <= 22 chars
docs/implementation/analytics/Analytics_Integration_Hub_And_Audit_Plan_v3.23.0.md,docs/implementation/analytics/Analytics.md,51,12,Documentation in docs/implementation/analytics,Standardized document filename <= 22 chars
docs/implementation/foundation/Clean_Architecture_And_Offline_First_Plan_v3.0.0.md,docs/implementation/foundation/Clean_Arch_And.md,51,17,Documentation in docs/implementation/foundation,Standardized document filename <= 22 chars
docs/implementation/foundation/Database_Foundation_And_Domain_Layer_Plan_v3.7.0.md,docs/implementation/foundation/Database_Fdn_And.md,51,19,Documentation in docs/implementation/foundation,Standardized document filename <= 22 chars
docs/implementation/foundation/Enterprise_Label_Printing_Framework_Plan_v3.16.0.md,docs/implementation/foundation/Enterprise_Label.md,51,19,Documentation in docs/implementation/foundation,Standardized document filename <= 22 chars
docs/implementation/foundation/Platform_Refactor_Controlled_Migration_Plan_v1.0.md,docs/implementation/foundation/Platform_Refactor_6.md,51,22,Documentation in docs/implementation/foundation,Standardized document filename <= 22 chars
docs/implementation/user_guide/SMRITI_Training_Academy_Implementation_Plan_v1.0.md,docs/implementation/user_guide/Training_Academy.md,51,19,Documentation in docs/implementation/user_guide,Standardized document filename <= 22 chars
docs/walkthrough/foundation/Foundation_ActiveFieldContextAwareSearch_v3.29.2.md,docs/walkthrough/foundation/Fdn.md,51,6,Documentation in docs/walkthrough/foundation,Standardized document filename <= 22 chars
docs/walkthrough/sales/Sales_Tax_Invoice_Canonical_Renderer_Freeze_v1.0.md,docs/walkthrough/sales/Sales_Tax_Invoice_2.md,51,22,Documentation in docs/walkthrough/sales,Standardized document filename <= 22 chars
docs/walkthrough/sales/Smriti_Distributor_Tax_Invoice_Stitch_UI_v4.10.0.md,docs/walkthrough/sales/Smriti.md,51,9,Documentation in docs/walkthrough/sales,Standardized document filename <= 22 chars
docs/walkthrough/wms/WMS_Phase2_Inward_GRN_FEFO_Credit_Limits_v6.16.0.md,docs/walkthrough/wms/WMS_Phase2_Inward.md,51,20,Documentation in docs/walkthrough/wms,Standardized document filename <= 22 chars
docs/architecture/SMRITI_MULTI_COMPANY_DATABASE_ARCHITECTURE_v1.0.md,docs/architecture/MULTI_COMPANY.md,50,16,Documentation in docs/architecture,Standardized document filename <= 22 chars
docs/implementation/foundation/Dynamic_Item_Master_Implementation_Plan_v3.16.0.md,docs/implementation/foundation/Dynamic_Item.md,50,15,Documentation in docs/implementation/foundation,Standardized document filename <= 22 chars
docs/implementation/foundation/Platform_POS_Cash_Drawer_Movements_Plan_v6.16.0.md,docs/implementation/foundation/Platform_POS_Cash.md,50,20,Documentation in docs/implementation/foundation,Standardized document filename <= 22 chars
docs/implementation/reports/Reporting_Platform_And_Data_Integrity_Plan_v1.0.md,docs/implementation/reports/Reporting.md,50,12,Documentation in docs/implementation/reports,Standardized document filename <= 22 chars
docs/walkthrough/devops/Devops_SMRITIDocker_Repository_Creation_v3.16.0.md,docs/walkthrough/devops/Devops.md,50,9,Documentation in docs/walkthrough/devops,Standardized document filename <= 22 chars
docs/walkthrough/foundation/Foundation_Database_And_Container_Fixes_v3.14.1.md,docs/walkthrough/foundation/Fdn_Database_And.md,50,19,Documentation in docs/walkthrough/foundation,Standardized document filename <= 22 chars
docs/walkthrough/foundation/Foundation_Security_And_API_Integration_v3.14.5.md,docs/walkthrough/foundation/Fdn_Sec_And_API.md,50,18,Documentation in docs/walkthrough/foundation,Standardized document filename <= 22 chars
docs/walkthrough/foundation/Platform_Accounting_Double_Entry_Ledger_v6.16.0.md,docs/walkthrough/foundation/Platform_2_3_4_5.md,50,19,Documentation in docs/walkthrough/foundation,Standardized document filename <= 22 chars
docs/walkthrough/foundation/Platform_Approval_Workflow_Communicator_v6.16.0.md,docs/walkthrough/foundation/Platform_Approval.md,50,20,Documentation in docs/walkthrough/foundation,Standardized document filename <= 22 chars
docs/walkthrough/foundation/SMRITI_Master_UIUX_Refactor_Walkthrough_v3.17.0.md,docs/walkthrough/foundation/Master_UIUX.md,50,14,Documentation in docs/walkthrough/foundation,Standardized document filename <= 22 chars
docs/walkthrough/print/Print_QZ_Tray_Dispatch_Spike_And_Hybrid_v3.29.0.md,docs/walkthrough/print/Print_QZ_Tray.md,50,16,Documentation in docs/walkthrough/print,Standardized document filename <= 22 chars
docs/walkthrough/user_guide/SMRITI_Training_Academy_Phase1_Walkthrough_v1.0.md,docs/walkthrough/user_guide/Training_Academy_2.md,50,21,Documentation in docs/walkthrough/user_guide,Standardized document filename <= 22 chars
docs/walkthrough/user_guide/SMRITI_Training_Academy_Phase2_Walkthrough_v1.0.md,docs/walkthrough/user_guide/Training_Academy__3.md,50,22,Documentation in docs/walkthrough/user_guide,Standardized document filename <= 22 chars
docs/implementation/foundation/Barcode_PRN_Dynamic_Field_Mapping_Plan_v3.16.0.md,docs/implementation/foundation/Barcode_PRN.md,49,14,Documentation in docs/implementation/foundation,Standardized document filename <= 22 chars
docs/implementation/foundation/SMRITI_FastAPI_Core_Implementation_Plan_v3.6.0.md,docs/implementation/foundation/FastAPI_Core_Plan.md,49,20,Documentation in docs/implementation/foundation,Standardized document filename <= 22 chars
docs/implementation/foundation/SMRITI_Master_Framework_Phase_F_3_Plan_v3.16.0.md,docs/implementation/foundation/Master_Framework.md,49,19,Documentation in docs/implementation/foundation,Standardized document filename <= 22 chars
docs/walkthrough/distribution/Distribution_And_Shared_Pricing_Engine_v3.22.0.md,docs/walkthrough/distribution/Dist_And_Shared.md,49,18,Documentation in docs/walkthrough/distribution,Standardized document filename <= 22 chars
docs/walkthrough/foundation/Platform_Capability_Template_Workspace_v6.16.0.md,docs/walkthrough/foundation/Platform_2_3_4_5_6.md,49,21,Documentation in docs/walkthrough/foundation,Standardized document filename <= 22 chars
docs/walkthrough/inventory/Item_Master_Required_Fields_Validation_v3.22.0.md,docs/walkthrough/inventory/Item_Master.md,49,14,Documentation in docs/walkthrough/inventory,Standardized document filename <= 22 chars
docs/walkthrough/security/Company_Control_Center_Security_Hardening_v1.0.md,docs/walkthrough/security/Company_Control.md,49,18,Documentation in docs/walkthrough/security,Standardized document filename <= 22 chars
scripts/audit_company_database_lifecycle_architecture.py,scripts/audit_db_life.py,48,16,Tooling / migration / audit script in scripts,Cleaned script filename to domain + action <= 22 chars
scripts/audit_company_onboarding_production_readiness.py,scripts/audit_onboarding.py,48,19,Tooling / migration / audit script in scripts,Cleaned script filename to domain + action <= 22 chars
docs/architecture/SMRITI_FULFILLMENT_DISPATCH_ARCHITECTURE_v1.0.md,docs/architecture/FULFILLMENT.md,48,14,Documentation in docs/architecture,Standardized document filename <= 22 chars
docs/implementation/foundation/CRM_Loyalty_CustomerMaster_Split_Plan_v3.16.0.md,docs/implementation/foundation/CRM_Loyalty.md,48,14,Documentation in docs/implementation/foundation,Standardized document filename <= 22 chars
docs/implementation/foundation/One_Command_Installation_Scripts_Plan_v3.16.0.md,docs/implementation/foundation/One_Command.md,48,14,Documentation in docs/implementation/foundation,Standardized document filename <= 22 chars
docs/implementation/foundation/Platform_Refactor_Slice2_Party_Item_Plan_v1.0.md,docs/implementation/foundation/Platform_Refactor_7.md,48,22,Documentation in docs/implementation/foundation,Standardized document filename <= 22 chars
docs/implementation/foundation/SMRITI_Master_Data_Consolidation_Plan_v3.17.0.md,docs/implementation/foundation/Master_Data.md,48,14,Documentation in docs/implementation/foundation,Standardized document filename <= 22 chars
docs/walkthrough/foundation/Foundation_Alembic_Schema_Unification_v3.14.4.md,docs/walkthrough/foundation/Fdn_Alembic.md,48,14,Documentation in docs/walkthrough/foundation,Standardized document filename <= 22 chars
docs/walkthrough/foundation/Foundation_CRM_Loyalty_Legacy_Removal_v3.16.1.md,docs/walkthrough/foundation/Fdn_CRM_Loyalty_2.md,48,20,Documentation in docs/walkthrough/foundation,Standardized document filename <= 22 chars
docs/walkthrough/foundation/Foundation_Report_User_Role_Expansion_v3.16.0.md,docs/walkthrough/foundation/Fdn_Report_User_2.md,48,20,Documentation in docs/walkthrough/foundation,Standardized document filename <= 22 chars
docs/walkthrough/foundation/Foundation_SEEF_v1.0_Error_Experience_v3.16.0.md,docs/walkthrough/foundation/Fdn_SEEF_v1.0.md,48,16,Documentation in docs/walkthrough/foundation,Standardized document filename <= 22 chars
docs/walkthrough/foundation/Platform_Sales_POS_Ledger_Unification_v6.16.0.md,docs/walkthrough/foundation/Platform_Sales.md,48,17,Documentation in docs/walkthrough/foundation,Standardized document filename <= 22 chars
docs/walkthrough/inventory/Item_Master_Pricing_Fields_Validation_v3.23.0.md,docs/walkthrough/inventory/Item_Master_2.md,48,16,Documentation in docs/walkthrough/inventory,Standardized document filename <= 22 chars
docs/walkthrough/sales/Sales_Invoice_Frontend_Backend_Wiring_v3.22.0.md,docs/walkthrough/sales/Sales_Invoice.md,48,16,Documentation in docs/walkthrough/sales,Standardized document filename <= 22 chars
docs/adr/ADR-POS-002-ShiftCashTransaction-FK-Deferral.md,docs/adr/ADR-POS-002-ShiftC.md,47,21,Documentation in docs/adr,Standardized document filename <= 22 chars
docs/architecture/SMRITI_COMPANY_001_FUNCTIONAL_READINESS_v1.0.md,docs/architecture/COMPANY_001.md,47,14,Documentation in docs/architecture,Standardized document filename <= 22 chars
docs/implementation/foundation/Excel_Grid_Header_Paste_Mapping_Plan_v3.16.0.md,docs/implementation/foundation/Excel_Grid_Header.md,47,20,Documentation in docs/implementation/foundation,Standardized document filename <= 22 chars
docs/implementation/foundation/Report_User_Role_Implementation_Plan_v3.16.0.md,docs/implementation/foundation/Report_User_Role.md,47,19,Documentation in docs/implementation/foundation,Standardized document filename <= 22 chars
docs/implementation/foundation/SMRITI_Master_Framework_Phase_A_Plan_v3.16.0.md,docs/implementation/foundation/Master_Framework_2.md,47,21,Documentation in docs/implementation/foundation,Standardized document filename <= 22 chars
docs/walkthrough/db/PostgreSQL_Initialization_Walkthrough_v2.1.4.md,docs/walkthrough/db/PostgreSQL.md,47,13,Documentation in docs/walkthrough/db,Standardized document filename <= 22 chars
docs/walkthrough/foundation/Foundation_Master_Data_Consolidation_v3.17.0.md,docs/walkthrough/foundation/Fdn_Master_Data.md,47,18,Documentation in docs/walkthrough/foundation,Standardized document filename <= 22 chars
docs/walkthrough/foundation/Foundation_MyPy_Baseline_And_Bug_Fix_v3.16.0.md,docs/walkthrough/foundation/Fdn_MyPy_Baseline.md,47,20,Documentation in docs/walkthrough/foundation,Standardized document filename <= 22 chars
docs/walkthrough/foundation/MC2_Phase5D_Deprecated_Alias_Cleanup_v3.20.0.md,docs/walkthrough/foundation/MC2_Phase5D.md,47,14,Documentation in docs/walkthrough/foundation,Standardized document filename <= 22 chars
docs/walkthrough/foundation/Platform_Accounting_MultiCurrency_FX_v6.16.0.md,docs/walkthrough/foundation/Platform_2_3_4_5__7.md,47,22,Documentation in docs/walkthrough/foundation,Standardized document filename <= 22 chars
docs/walkthrough/foundation/Platform_Universal_Party_Item_Master_v6.16.0.md,docs/walkthrough/foundation/Platform_2_3_4_5__8.md,47,22,Documentation in docs/walkthrough/foundation,Standardized document filename <= 22 chars
docs/_audit/PSV_COMPANY_LOCAL_ARCHITECTURE_CERTIFICATION.md,docs/_audit/PSV_COMPANY_LOCAL.md,47,20,Documentation in docs/_audit,Standardized document filename <= 22 chars
backend/tests/test_distribution_and_shared_pricing_engine.py,backend/tests/t_dist_pricing.py,46,17,FastAPI backend test suite,Shortened backend test module filename to t_<domain> <= 22 chars
scripts/verify_smritisys_multi_company_architecture.py,scripts/verify_multi_comp.py,46,20,Tooling / migration / audit script in scripts,Cleaned script filename to domain + action <= 22 chars
docs/architecture/PRODUCT_IDENTITY_ENGINE_IMPLEMENTATION_PLAN.md,docs/architecture/PRODUCT_IDENTITY.md,46,19,Documentation in docs/architecture,Standardized document filename <= 22 chars
docs/architecture/SMRITI_BUSINESS_BEHAVIOR_CONTROL_PLANE_v1.0.md,docs/architecture/BUSINESS_BEHAVIOR.md,46,20,Documentation in docs/architecture,Standardized document filename <= 22 chars
docs/architecture/SMRITI_COST_PROFITABILITY_INTELLIGENCE_v1.0.md,docs/architecture/COST.md,46,7,Documentation in docs/architecture,Standardized document filename <= 22 chars
docs/architecture/SMRITI_REPORT_EXECUTION_DATA_INTEGRITY_v1.0.md,docs/architecture/REPORT_EXECUTION.md,46,19,Documentation in docs/architecture,Standardized document filename <= 22 chars
docs/implementation/foundation/Platform_ProPOS_Cash_Drawer_UI_Plan_v6.16.0.md,docs/implementation/foundation/Platform_ProPOS.md,46,18,Documentation in docs/implementation/foundation,Standardized document filename <= 22 chars
docs/implementation/foundation/SMRITI_Error_Experience_Framework_v1.0_Plan.md,docs/implementation/foundation/Error_Experience.md,46,19,Documentation in docs/implementation/foundation,Standardized document filename <= 22 chars
docs/walkthrough/analytics/Analytics_Integration_Hub_And_Audit_v3.23.0.md,docs/walkthrough/analytics/Analytics.md,46,12,Documentation in docs/walkthrough/analytics,Standardized document filename <= 22 chars
docs/walkthrough/db/Database_Manager_Studio_Walkthrough_v3.29.0.md,docs/walkthrough/db/Database_Manager.md,46,19,Documentation in docs/walkthrough/db,Standardized document filename <= 22 chars
docs/walkthrough/foundation/Platform_Routing_Boundary_Hardening_v6.16.0.md,docs/walkthrough/foundation/Platform_Routing.md,46,19,Documentation in docs/walkthrough/foundation,Standardized document filename <= 22 chars
docs/walkthrough/foundation/Sales_Purchase_StranglerFig_Cleanup_v3.21.0.md,docs/walkthrough/foundation/Sales_Purchase.md,46,17,Documentation in docs/walkthrough/foundation,Standardized document filename <= 22 chars
docs/walkthrough/user_guide/User_Training_Blueprint_Walkthrough_v3.16.0.md,docs/walkthrough/user_guide/User_Training.md,46,16,Documentation in docs/walkthrough/user_guide,Standardized document filename <= 22 chars
docs/_audit/ECOMMERCE_DOCUMENTATION_FINAL_CERTIFICATION.md,docs/_audit/ECOMMERCE.md,46,12,Documentation in docs/_audit,Standardized document filename <= 22 chars
backend/tests/test_fulfillment_and_dispatch_architecture.py,backend/tests/t_fulfillment.py,45,16,FastAPI backend test suite,Shortened backend test module filename to t_<domain> <= 22 chars
backend/tests/test_offline_conflict_resolution_scenarios.py,backend/tests/t_conflict_res.py,45,17,FastAPI backend test suite,Shortened backend test module filename to t_<domain> <= 22 chars
backend/tests/test_tax_invoice_gst_exclusive_calculation.py,backend/tests/t_tax_invoice.py,45,16,FastAPI backend test suite,Shortened backend test module filename to t_<domain> <= 22 chars
scripts/audit_smritisys_multi_company_architecture.py,scripts/audit_multi_comp.py,45,19,Tooling / migration / audit script in scripts,Cleaned script filename to domain + action <= 22 chars
scripts/reconcile_company_001_schema_and_readiness.py,scripts/reconcile_comp001.py,45,20,Tooling / migration / audit script in scripts,Cleaned script filename to domain + action <= 22 chars
docs/architecture/SMRITI_CONFIGURATION_OWNERSHIP_MATRIX_v1.0.md,docs/architecture/CONFIGURATION.md,45,16,Documentation in docs/architecture,Standardized document filename <= 22 chars
docs/architecture/SMRITI_MULTI_COMPANY_DATABASE_ARCHITECTURE.md,docs/architecture/MULTI_COMPANY_2.md,45,18,Documentation in docs/architecture,Standardized document filename <= 22 chars
docs/architecture/SMRITI_REAL_WORLD_WORKFLOW_VALIDATION_v1.0.md,docs/architecture/REAL_WORLD.md,45,13,Documentation in docs/architecture,Standardized document filename <= 22 chars
docs/implementation/foundation/Project_Header_Standardization_Plan_v3.3.0.md,docs/implementation/foundation/Project_Header.md,45,17,Documentation in docs/implementation/foundation,Standardized document filename <= 22 chars
docs/implementation/foundation/Setup_Wizard_Completion_Checkpoint_v3.21.0.md,docs/implementation/foundation/Setup_Wizard.md,45,15,Documentation in docs/implementation/foundation,Standardized document filename <= 22 chars
docs/implementation/foundation/SMRITI_MULTI_DB_PLATFORM_ARCHITECTURE_V1.1.md,docs/implementation/foundation/MULTI_DB_PLATFORM.md,45,20,Documentation in docs/implementation/foundation,Standardized document filename <= 22 chars
docs/walkthrough/db/DB_Unification_And_Security_Hotfix_v3.15.0.md,docs/walkthrough/db/DB_Unification.md,45,17,Documentation in docs/walkthrough/db,Standardized document filename <= 22 chars
docs/walkthrough/devops/Devops_Git_Runtime_Metrics_Support_v3.14.2.md,docs/walkthrough/devops/Devops_Git.md,45,13,Documentation in docs/walkthrough/devops,Standardized document filename <= 22 chars
docs/walkthrough/foundation/Blueprint_UIExperience_IntegrationHub_v1.0.md,docs/walkthrough/foundation/Blueprint.md,45,12,Documentation in docs/walkthrough/foundation,Standardized document filename <= 22 chars
docs/walkthrough/foundation/Foundation_About_Module_Walkthrough_v3.4.0.md,docs/walkthrough/foundation/Fdn_About_Module.md,45,19,Documentation in docs/walkthrough/foundation,Standardized document filename <= 22 chars
docs/walkthrough/foundation/Foundation_Express_HREP_Compliance_v3.14.3.md,docs/walkthrough/foundation/Fdn_Express_HREP.md,45,19,Documentation in docs/walkthrough/foundation,Standardized document filename <= 22 chars
docs/walkthrough/foundation/Foundation_FastAPI_Core_Walkthrough_v3.6.0.md,docs/walkthrough/foundation/Fdn_FastAPI_Core.md,45,19,Documentation in docs/walkthrough/foundation,Standardized document filename <= 22 chars
docs/walkthrough/foundation/MC2_Phase4A_URL_Contract_Alignment_v3.19.0.md,docs/walkthrough/foundation/MC2_Phase4A_URL.md,45,18,Documentation in docs/walkthrough/foundation,Standardized document filename <= 22 chars
docs/walkthrough/reports/Reporting_Platform_And_Data_Integrity_v1.0.md,docs/walkthrough/reports/Reporting.md,45,12,Documentation in docs/walkthrough/reports,Standardized document filename <= 22 chars
backend/tests/test_universal_party_and_item_convergence.py,backend/tests/t_univ_converge.py,44,18,FastAPI backend test suite,Shortened backend test module filename to t_<domain> <= 22 chars
scripts/apply_company_database_registry_migration.py,scripts/apply_db_registry.py,44,20,Tooling / migration / audit script in scripts,Cleaned script filename to domain + action <= 22 chars
docs/architecture/OFFLINE_CONFLICT_RESOLUTION_POLICY_MATRIX.md,docs/architecture/OFFLINE_CONFLICT.md,44,19,Documentation in docs/architecture,Standardized document filename <= 22 chars
docs/architecture/SMRITI_CRM_LOYALTY_SICE_ARCHITECTURE_v1.0.md,docs/architecture/CRM_LOYALTY_SICE.md,44,19,Documentation in docs/architecture,Standardized document filename <= 22 chars
docs/architecture/SMRITI_CUSTOMER_360_GROWTH_ECOSYSTEM_v1.0.md,docs/architecture/CUSTOMER_360.md,44,15,Documentation in docs/architecture,Standardized document filename <= 22 chars
docs/architecture/SMRITI_DATABASE_ROUTING_ARCHITECTURE_v1.0.md,docs/architecture/DATABASE_ROUTING.md,44,19,Documentation in docs/architecture,Standardized document filename <= 22 chars
docs/architecture/SMRITI_PROMOTION_CONFLICT_RESOLUTION_v1.0.md,docs/architecture/PROMOTION.md,44,12,Documentation in docs/architecture,Standardized document filename <= 22 chars
docs/implementation/cge/PSV_CGE_PDT_And_Offline_Sync_Plan_v3.22.0.md,docs/implementation/cge/PSV_CGE_PDT_And.md,44,18,Documentation in docs/implementation/cge,Standardized document filename <= 22 chars
docs/implementation/foundation/Inventory_Products_Migration_Plan_v3.15.0.md,docs/implementation/foundation/Inv_Products.md,44,15,Documentation in docs/implementation/foundation,Standardized document filename <= 22 chars
docs/implementation/sales/SMRITI_Cross_Module_Validation_Audit_v1.1.md,docs/implementation/sales/Cross_Module.md,44,15,Documentation in docs/implementation/sales,Standardized document filename <= 22 chars
docs/walkthrough/foundation/Foundation_Dev_Tracker_Walkthrough_v3.5.0.md,docs/walkthrough/foundation/Fdn_Dev_Tracker.md,44,18,Documentation in docs/walkthrough/foundation,Standardized document filename <= 22 chars
docs/walkthrough/foundation/Inventory_StranglerFig_Completion_v3.21.0.md,docs/walkthrough/foundation/Inv_StranglerFig.md,44,19,Documentation in docs/walkthrough/foundation,Standardized document filename <= 22 chars
docs/walkthrough/reports/Reports_Analytics_Studio_Refactor_v3.28.0.md,docs/walkthrough/reports/Reports_Analytics.md,44,20,Documentation in docs/walkthrough/reports,Standardized document filename <= 22 chars
docs/walkthrough/reports/Reports_FastAPI_Reports_Migration_v3.15.0.md,docs/walkthrough/reports/Reports_FastAPI.md,44,18,Documentation in docs/walkthrough/reports,Standardized document filename <= 22 chars
docs/walkthrough/sales/Sales_Studio_Expansion_Walkthrough_v2.1.1.md,docs/walkthrough/sales/Sales_Studio.md,44,15,Documentation in docs/walkthrough/sales,Standardized document filename <= 22 chars
docs/_audit/PARALLEL_DEVELOPMENT_CERTIFICATION_STATUS.md,docs/_audit/PARALLEL.md,44,11,Documentation in docs/_audit,Standardized document filename <= 22 chars
docs/_audit/SMRITI_BUSINESS_PROCESS_ACCEPTANCE_MATRIX.md,docs/_audit/BUSINESS_PROCESS.md,44,19,Documentation in docs/_audit,Standardized document filename <= 22 chars
backend/tests/test_cost_and_profitability_intelligence.py,backend/tests/t_cost_profit.py,43,16,FastAPI backend test suite,Shortened backend test module filename to t_<domain> <= 22 chars
backend/tests/test_multi_company_database_architecture.py,backend/tests/t_multi_comp_db.py,43,18,FastAPI backend test suite,Shortened backend test module filename to t_<domain> <= 22 chars
backend/tests/test_report_execution_and_data_integrity.py,backend/tests/t_report_exec.py,43,16,FastAPI backend test suite,Shortened backend test module filename to t_<domain> <= 22 chars
backend/tests/test_smrititaxinvoice_immutability_guard.py,backend/tests/t_inv_immutable.py,43,18,FastAPI backend test suite,Shortened backend test module filename to t_<domain> <= 22 chars
scripts/audit_alphanumeric_company_code_refactor.py,scripts/audit_comp_code.py,43,18,Tooling / migration / audit script in scripts,Cleaned script filename to domain + action <= 22 chars
docs/architecture/SMRITI_COMP001_PRODUCTION_READINESS_v1.0.md,docs/architecture/COMP001.md,43,10,Documentation in docs/architecture,Standardized document filename <= 22 chars
docs/architecture/SMRITI_CONTROL_PLANE_MIGRATION_PLAN_v1.0.md,docs/architecture/CONTROL_PLANE.md,43,16,Documentation in docs/architecture,Standardized document filename <= 22 chars
docs/governance/MC-AUDIT-ENTITY-METADATA_evidence_ledger.md,docs/governance/MC-AUDIT-ENTITY-ME.md,43,21,Documentation in docs/governance,Standardized document filename <= 22 chars
docs/implementation/foundation/Login_Company_Selector_Flow_Plan_v3.25.0.md,docs/implementation/foundation/Login_Company.md,43,16,Documentation in docs/implementation/foundation,Standardized document filename <= 22 chars
docs/implementation/foundation/SMRITI_Master_UIUX_Refactor_Plan_v3.17.0.md,docs/implementation/foundation/Master_UIUX.md,43,14,Documentation in docs/implementation/foundation,Standardized document filename <= 22 chars
docs/implementation/foundation/SMRITI_Product_Image_Framework_Plan_v1.0.md,docs/implementation/foundation/Product_Image.md,43,16,Documentation in docs/implementation/foundation,Standardized document filename <= 22 chars
docs/walkthrough/pos/POS_SmritiBillingTerminal_Stitch_v3.30.0.md,docs/walkthrough/pos/POS.md,43,6,Documentation in docs/walkthrough/pos,Standardized document filename <= 22 chars
docs/walkthrough/procurement/Procurement_PurchaseOrder_Stitch_v3.32.0.md,docs/walkthrough/procurement/Procurement.md,43,14,Documentation in docs/walkthrough/procurement,Standardized document filename <= 22 chars
docs/_audit/LEGACY_175_TABLE_FORENSIC_CLASSIFICATION.md,docs/_audit/LEGACY_175_TABLE.md,43,19,Documentation in docs/_audit,Standardized document filename <= 22 chars
backend/tests/test_ephemeral_tenant_migration_harness.py,backend/tests/t_tenant_migr.py,42,16,FastAPI backend test suite,Shortened backend test module filename to t_<domain> <= 22 chars
backend/tests/test_governed_logic_and_reproducibility.py,backend/tests/t_gov_logic.py,42,14,FastAPI backend test suite,Shortened backend test module filename to t_<domain> <= 22 chars
scripts/audit_fulfillment_dispatch_architecture.py,scripts/audit_fulfill.py,42,16,Tooling / migration / audit script in scripts,Cleaned script filename to domain + action <= 22 chars
docs/implementation/foundation/About_Module_Implementation_Plan_v3.4.0.md,docs/implementation/foundation/About_Module_Plan.md,42,20,Documentation in docs/implementation/foundation,Standardized document filename <= 22 chars
docs/implementation/foundation/Report_User_Role_Expansion_Plan_v3.16.0.md,docs/implementation/foundation/Report_User_Role_2.md,42,21,Documentation in docs/implementation/foundation,Standardized document filename <= 22 chars
docs/implementation/foundation/SMRITIDocker_Repo_Creation_Plan_v3.16.0.md,docs/implementation/foundation/SMRITIDocker_Repo.md,42,20,Documentation in docs/implementation/foundation,Standardized document filename <= 22 chars
docs/walkthrough/barcode/Barcode_TagLabelPrinting_Stitch_v3.31.0.md,docs/walkthrough/barcode/Barcode.md,42,10,Documentation in docs/walkthrough/barcode,Standardized document filename <= 22 chars
docs/walkthrough/foundation/Platform_Outbox_Analytics_Plane_v6.16.0.md,docs/walkthrough/foundation/Platform_Outbox.md,42,18,Documentation in docs/walkthrough/foundation,Standardized document filename <= 22 chars
docs/walkthrough/pos/POS_DeepReview_Fixes_Walkthrough_v2.1.3.md,docs/walkthrough/pos/POS_DeepReview.md,42,17,Documentation in docs/walkthrough/pos,Standardized document filename <= 22 chars
scripts/audit_frontend_vite_react_architecture.py,scripts/audit_fe_arch.py,41,16,Tooling / migration / audit script in scripts,Cleaned script filename to domain + action <= 22 chars
scripts/run_level_c_true_dom_e2e_certification.py,scripts/run_true_dom_e2e.py,41,19,Tooling / migration / audit script in scripts,Cleaned script filename to domain + action <= 22 chars
docs/architecture/SMRITISYS_DATABASE_IDENTITY_AUDIT_v1.0.md,docs/architecture/SMRITISYS.md,41,12,Documentation in docs/architecture,Standardized document filename <= 22 chars
docs/architecture/SMRITI_COMPANY_CONTROL_CENTER_E2E_v1.0.md,docs/architecture/COMPANY_CONTROL.md,41,18,Documentation in docs/architecture,Standardized document filename <= 22 chars
docs/architecture/SMRITI_COMPANY_DATABASE_LIFECYCLE_v1.0.md,docs/architecture/COMPANY_DATABASE_2.md,41,21,Documentation in docs/architecture,Standardized document filename <= 22 chars
docs/architecture/SMRITI_REPORTING_DASHBOARD_ENGINE_v1.0.md,docs/architecture/REPORTING.md,41,12,Documentation in docs/architecture,Standardized document filename <= 22 chars
docs/governance/MC-METADATA-ARCHITECTURE-DECISION_v1.0.md,docs/governance/MC-METADATA-ARCHIT.md,41,21,Documentation in docs/governance,Standardized document filename <= 22 chars
docs/implementation/foundation/Dev_Tracker_Implementation_Plan_v3.5.0.md,docs/implementation/foundation/Dev_Tracker_Plan.md,41,19,Documentation in docs/implementation/foundation,Standardized document filename <= 22 chars
docs/implementation/sales/CRM_Audit_And_POS_Upgrades_Plan_v2.1.2.md,docs/implementation/sales/CRM_Audit_And_POS.md,41,20,Documentation in docs/implementation/sales,Standardized document filename <= 22 chars
docs/walkthrough/foundation/Foundation_Authentication_Layer_v3.9.0.md,docs/walkthrough/foundation/Fdn_2.md,41,8,Documentation in docs/walkthrough/foundation,Standardized document filename <= 22 chars
docs/walkthrough/foundation/Foundation_Dynamic_Item_Master_v3.16.0.md,docs/walkthrough/foundation/Fdn_Dynamic_Item.md,41,19,Documentation in docs/walkthrough/foundation,Standardized document filename <= 22 chars
docs/walkthrough/foundation/Platform_ProPOS_Cash_Drawer_UI_v6.16.0.md,docs/walkthrough/foundation/Platform_ProPOS.md,41,18,Documentation in docs/walkthrough/foundation,Standardized document filename <= 22 chars
docs/walkthrough/foundation/Reports_StranglerFig_Migration_v3.21.0.md,docs/walkthrough/foundation/Reports.md,41,10,Documentation in docs/walkthrough/foundation,Standardized document filename <= 22 chars
docs/walkthrough/foundation/System_Master_Barcode_Refactor_v3.28.0.md,docs/walkthrough/foundation/System_Master.md,41,16,Documentation in docs/walkthrough/foundation,Standardized document filename <= 22 chars
docs/walkthrough/foundation/Tax_Invoice_EWay_Bill_AcroForm_v3.16.0.md,docs/walkthrough/foundation/Tax_Invoice_EWay.md,41,19,Documentation in docs/walkthrough/foundation,Standardized document filename <= 22 chars
docs/walkthrough/procurement/Create_Purchase_Order_Refactor_v3.28.0.md,docs/walkthrough/procurement/Create_Purchase.md,41,18,Documentation in docs/walkthrough/procurement,Standardized document filename <= 22 chars
docs/_audit/FINAL_TABLE_OWNERSHIP_AUTHORITY_MATRIX.md,docs/_audit/FINAL_TABLE.md,41,14,Documentation in docs/_audit,Standardized document filename <= 22 chars
docs/_audit/RUNTIME_OWNERSHIP_CERTIFICATION_REPORT.md,docs/_audit/RUNTIME_OWNERSHIP.md,41,20,Documentation in docs/_audit,Standardized document filename <= 22 chars
src/components/sales/SmritiDistributorTaxInvoiceWorkspace.tsx,src/components/sales/DistTaxInvoiceWs.tsx,40,20,UI component in src/components/sales,Stripped redundant Smriti prefix and standardized component suffix <= 22 chars
backend/app/services/unified_approval_communicator_service.py,backend/app/services/unified_approval.py,40,19,FastAPI backend domain service,Cleaned service filename to domain + responsibility <= 22 chars
scripts/audit_cost_profitability_intelligence.py,scripts/audit_cost_profit.py,40,20,Tooling / migration / audit script in scripts,Cleaned script filename to domain + action <= 22 chars
scripts/audit_report_execution_data_integrity.py,scripts/audit_report_exec.py,40,20,Tooling / migration / audit script in scripts,Cleaned script filename to domain + action <= 22 chars
scripts/dev/audit_frontend_backend_route_coverage.py,scripts/dev/audit_route_cov.py,40,18,Tooling / migration / audit script in scripts/dev,Cleaned script filename to domain + action <= 22 chars
docs/architecture/PRODUCT_IDENTITY_ENGINE_CONFIGURATION.md,docs/architecture/PRODUCT_IDENTITY_2.md,40,21,Documentation in docs/architecture,Standardized document filename <= 22 chars
docs/architecture/PRODUCT_IDENTITY_ENGINE_STATE_MACHINE.md,docs/architecture/PRODUCT_IDENTITY__3.md,40,22,Documentation in docs/architecture,Standardized document filename <= 22 chars
docs/architecture/SMRITI_BLUEPRINT_PENDING_WORK_ROADMAP.md,docs/architecture/BLUEPRINT_PENDING.md,40,20,Documentation in docs/architecture,Standardized document filename <= 22 chars
docs/architecture/SMRITI_PLATFORM_IMPLEMENTATION_STATUS.md,docs/architecture/PLATFORM.md,40,11,Documentation in docs/architecture,Standardized document filename <= 22 chars
docs/architecture/SMRITI_UI_UX_CONTROL_PLANE_AUDIT_v1.0.md,docs/architecture/UI_UX_CONTROL.md,40,16,Documentation in docs/architecture,Standardized document filename <= 22 chars
docs/audits/SMRITI_INTERNAL_ROLE_DASHBOARDS_AUDIT.md,docs/audits/INTERNAL_ROLE.md,40,16,Documentation in docs/audits,Standardized document filename <= 22 chars
docs/governance/METADATA_ARCHITECTURE_EVIDENCE_LEDGER.md,docs/governance/METADATA.md,40,11,Documentation in docs/governance,Standardized document filename <= 22 chars
docs/walkthrough/crm/Customer_CRM_Loyalty_Refactor_v3.28.0.md,docs/walkthrough/crm/Customer_CRM.md,40,15,Documentation in docs/walkthrough/crm,Standardized document filename <= 22 chars
docs/walkthrough/foundation/Foundation_Split_Requirements_v3.14.0.md,docs/walkthrough/foundation/Fdn_Split.md,40,12,Documentation in docs/walkthrough/foundation,Standardized document filename <= 22 chars
docs/walkthrough/foundation/MC2_Phase5_Express_Retirement_v3.20.0.md,docs/walkthrough/foundation/MC2_Phase5.md,40,13,Documentation in docs/walkthrough/foundation,Standardized document filename <= 22 chars
docs/walkthrough/foundation/Platform_Accounting_REST_APIs_v6.16.0.md,docs/walkthrough/foundation/Platform_2_3_4_5__9.md,40,22,Documentation in docs/walkthrough/foundation,Standardized document filename <= 22 chars
docs/walkthrough/pos/POS_Billing_Terminal_Refactor_v3.28.0.md,docs/walkthrough/pos/POS_Billing.md,40,14,Documentation in docs/walkthrough/pos,Standardized document filename <= 22 chars
docs/walkthrough/procurement/Procurement_Supplier_Payments_v3.13.0.md,docs/walkthrough/procurement/Procurement_2.md,40,16,Documentation in docs/walkthrough/procurement,Standardized document filename <= 22 chars
docs/_audit/SMRITI_USER_TRAINING_READINESS_MATRIX.md,docs/_audit/USER_TRAINING.md,40,16,Documentation in docs/_audit,Standardized document filename <= 22 chars
backend/app/services/unified_workspace_capability_service.py,backend/app/services/workspace_cap_svc.py,39,20,FastAPI backend domain service,Cleaned service filename to domain + responsibility <= 22 chars
backend/tests/test_company_control_center_security.py,backend/tests/t_comp_ctr_sec.py,39,17,FastAPI backend test suite,Shortened backend test module filename to t_<domain> <= 22 chars
backend/tests/test_e2e_tenant_security_and_routing.py,backend/tests/t_tenant_sec.py,39,15,FastAPI backend test suite,Shortened backend test module filename to t_<domain> <= 22 chars
backend/tests/test_item_master_required_validation.py,backend/tests/t_item_val.py,39,13,FastAPI backend test suite,Shortened backend test module filename to t_<domain> <= 22 chars
backend/tests/test_reference_data_and_localization.py,backend/tests/t_ref_data_loc.py,39,17,FastAPI backend test suite,Shortened backend test module filename to t_<domain> <= 22 chars
backend/tests/test_wms_phase4_audit_reconciliation.py,backend/tests/t_wms_phase4.py,39,15,FastAPI backend test suite,Shortened backend test module filename to t_<domain> <= 22 chars
scripts/audit_company_db_provisioning_engine.py,scripts/audit_db_prov.py,39,16,Tooling / migration / audit script in scripts,Cleaned script filename to domain + action <= 22 chars
scripts/audit_real_world_workflow_validation.py,scripts/audit_workflow.py,39,17,Tooling / migration / audit script in scripts,Cleaned script filename to domain + action <= 22 chars
docs/SMRITI_RUNTIME_DATABASE_VERIFICATION.md,docs/RUNTIME_DATABASE.md,39,19,Documentation in docs,Standardized document filename <= 22 chars
docs/architecture/SMRITI_FRONTEND_VITE_REACT_GATE_v1.0.md,docs/architecture/FRONTEND_VITE.md,39,16,Documentation in docs/architecture,Standardized document filename <= 22 chars
docs/architecture/SMRITI_PROMOTIONS_GROWTH_ENGINE_v1.0.md,docs/architecture/PROMOTIONS_GROWTH.md,39,20,Documentation in docs/architecture,Standardized document filename <= 22 chars
docs/architecture/decisions/ADR-002-SMRITI-METADATA-ARCHITECTURE.md,docs/architecture/decisions/ADR-002-SMRITI-MET.md,39,21,Documentation in docs/architecture/decisions,Standardized document filename <= 22 chars
docs/architecture/decisions/SGIP_ADR_001_Compliance_Architecture.md,docs/architecture/decisions/SGIP_ADR_001.md,39,15,Documentation in docs/architecture/decisions,Standardized document filename <= 22 chars
docs/governance/MC-METADATA-ARCHITECTURE-FREEZE_v1.0.md,docs/governance/MC-METADATA-ARCHI_2.md,39,22,Documentation in docs/governance,Standardized document filename <= 22 chars
docs/walkthrough/cge/PSV_CGE_PDT_And_Offline_Sync_v3.22.0.md,docs/walkthrough/cge/PSV_CGE_PDT_And.md,39,18,Documentation in docs/walkthrough/cge,Standardized document filename <= 22 chars
docs/walkthrough/foundation/Foundation_Database_Backfill_v3.14.0.md,docs/walkthrough/foundation/Fdn_Database.md,39,15,Documentation in docs/walkthrough/foundation,Standardized document filename <= 22 chars
docs/walkthrough/inventory/Inventory_Products_Migration_v3.15.0.md,docs/walkthrough/inventory/Inv_Products.md,39,15,Documentation in docs/walkthrough/inventory,Standardized document filename <= 22 chars
docs/walkthrough/inventory/Inventory_Workspace_Refactor_v3.27.0.md,docs/walkthrough/inventory/Inv_Workspace.md,39,16,Documentation in docs/walkthrough/inventory,Standardized document filename <= 22 chars
docs/_audit/POST_FREEZE_BARCODE_PSV_VERIFICATION.md,docs/_audit/POST_FREEZE.md,39,14,Documentation in docs/_audit,Standardized document filename <= 22 chars
src/components/customer/SmritiCustomerAdditionalDetailsTab.tsx,src/components/customer/CustAddlDetTab.tsx,38,18,UI component in src/components/customer,Stripped redundant Smriti prefix and standardized component suffix <= 22 chars
src/components/itemMaster/SmritiDataLoadingConfirmationModal.tsx,src/components/itemMaster/DataLoadingConfirm.tsx,38,22,UI component in src/components/itemMaster,Stripped redundant Smriti prefix and standardized component suffix <= 22 chars
backend/app/db/seed_tax_invoice_canonical_template.py,backend/app/db/seed_tax_invoice.py,38,19,FastAPI backend artifact in backend/app/db,Standardized backend filename <= 22 chars
backend/app/services/transaction_reproducibility_service.py,backend/app/services/tx_reproduce_svc.py,38,19,FastAPI backend domain service,Cleaned service filename to domain + responsibility <= 22 chars
backend/app/tests/test_dynamic_attributes_persistence.py,backend/app/tests/t_dyn_attr.py,38,13,FastAPI backend test suite,Shortened backend test module filename to t_<domain> <= 22 chars
backend/app/tests/test_multi_company_tenant_isolation.py,backend/app/tests/t_tenant_iso.py,38,15,FastAPI backend test suite,Shortened backend test module filename to t_<domain> <= 22 chars
backend/tests/test_capability_and_module_registry.py,backend/tests/t_cap_registry.py,38,17,FastAPI backend test suite,Shortened backend test module filename to t_<domain> <= 22 chars
backend/tests/test_production_certification_suite.py,backend/tests/t_prod_cert.py,38,14,FastAPI backend test suite,Shortened backend test module filename to t_<domain> <= 22 chars
backend/tests/test_real_world_workflow_validation.py,backend/tests/t_real_workflow.py,38,18,FastAPI backend test suite,Shortened backend test module filename to t_<domain> <= 22 chars
backend/tests/test_reporting_and_dashboard_engine.py,backend/tests/t_report_engine.py,38,18,FastAPI backend test suite,Shortened backend test module filename to t_<domain> <= 22 chars
backend/tests/test_unified_pricing_payment_engine.py,backend/tests/t_pricing_eng.py,38,16,FastAPI backend test suite,Shortened backend test module filename to t_<domain> <= 22 chars
backend/tests/test_workspace_menu_and_ui_registry.py,backend/tests/t_menu_registry.py,38,18,FastAPI backend test suite,Shortened backend test module filename to t_<domain> <= 22 chars
scripts/archive_or_clean_pending_registries.py,scripts/clean_registries.py,38,19,Tooling / migration / audit script in scripts,Cleaned script filename to domain + action <= 22 chars
scripts/audit_crm_loyalty_sice_architecture.py,scripts/audit_crm_loyalty.py,38,20,Tooling / migration / audit script in scripts,Cleaned script filename to domain + action <= 22 chars
scripts/audit_customer_360_growth_ecosystem.py,scripts/audit_cust_360.py,38,17,Tooling / migration / audit script in scripts,Cleaned script filename to domain + action <= 22 chars
scripts/audit_promotion_conflict_resolution.py,scripts/audit_promo_res.py,38,18,Tooling / migration / audit script in scripts,Cleaned script filename to domain + action <= 22 chars
scripts/verify_comp001_production_readiness.py,scripts/verify_comp001.py,38,17,Tooling / migration / audit script in scripts,Cleaned script filename to domain + action <= 22 chars
scripts/dev/probe_cross_db_product_invoice_sync.py,scripts/dev/probe_db_sync.py,38,16,Tooling / migration / audit script in scripts/dev,Cleaned script filename to domain + action <= 22 chars
scripts/dev/probe_legacy_api_route_reachability.py,scripts/dev/probe_legacy_api.py,38,19,Tooling / migration / audit script in scripts/dev,Cleaned script filename to domain + action <= 22 chars
docs/architecture/SMRITI_GOLIVE_ACCEPTANCE_AUDIT_v1.0.md,docs/architecture/GOLIVE_ACCEPTANCE.md,38,20,Documentation in docs/architecture,Standardized document filename <= 22 chars
docs/audits/SMRITI_EXISTING_SYSTEM_AUDIT_REPORT.md,docs/audits/EXISTING_SYSTEM.md,38,18,Documentation in docs/audits,Standardized document filename <= 22 chars
docs/implementation/foundation/Menu_Governance_Migration_Plan_v3.0.md,docs/implementation/foundation/Menu_Gov.md,38,11,Documentation in docs/implementation/foundation,Standardized document filename <= 22 chars
docs/implementation/foundation/SMRITI_GoLive_Remediation_Plan_v1.0.md,docs/implementation/foundation/GoLive.md,38,9,Documentation in docs/implementation/foundation,Standardized document filename <= 22 chars
docs/walkthrough/foundation/Auth_StranglerFig_Migration_v3.21.0.md,docs/walkthrough/foundation/Auth_StranglerFig.md,38,20,Documentation in docs/walkthrough/foundation,Standardized document filename <= 22 chars
docs/walkthrough/foundation/Login_Company_Selector_Flow_v3.25.0.md,docs/walkthrough/foundation/Login_Company.md,38,16,Documentation in docs/walkthrough/foundation,Standardized document filename <= 22 chars
docs/walkthrough/pos/ProPOS_Unified_Billing_Suite_v6.0.0.md,docs/walkthrough/pos/ProPOS_Unified.md,38,17,Documentation in docs/walkthrough/pos,Standardized document filename <= 22 chars
docs/walkthrough/procurement/Procurement_Purchase_Module_v3.11.0.md,docs/walkthrough/procurement/Procurement_2_3.md,38,18,Documentation in docs/walkthrough/procurement,Standardized document filename <= 22 chars
docs/walkthrough/sales/Sales_HistoricalImport_TT18-71_v1.0.md,docs/walkthrough/sales/Sales.md,38,8,Documentation in docs/walkthrough/sales,Standardized document filename <= 22 chars
docs/_audit/GLOBAL_DOCUMENTATION_RECONCILIATION.md,docs/_audit/GLOBAL.md,38,9,Documentation in docs/_audit,Standardized document filename <= 22 chars
docs/_audit/SMRITI_ARCHITECTURE_BASELINE_FREEZE.md,docs/_audit/ARCHITECTURE.md,38,15,Documentation in docs/_audit,Standardized document filename <= 22 chars
src/components/billing/propos/SmritiProPosDailyReportsDashboard.tsx,src/components/billing/propos/ProPosDailyReports.tsx,37,22,UI component in src/components/billing/propos,Stripped redundant Smriti prefix and standardized component suffix <= 22 chars
src/components/customer/SmritiAdvancedCustomerSearchModal.tsx,src/components/customer/AdvancedCustSearch.tsx,37,22,UI component in src/components/customer,Stripped redundant Smriti prefix and standardized component suffix <= 22 chars
src/tests/activeFieldContextAwareSearch.test.ts,src/tests/fieldSearch.test.ts,37,19,Vitest frontend test suite,Streamlined test suite filename to domain + responsibility <= 22 chars
src/tests/itemMasterColumnFilterAndSort.test.ts,src/tests/itemFilter.test.ts,37,18,Vitest frontend test suite,Streamlined test suite filename to domain + responsibility <= 22 chars
backend/app/services/offline_conflict_resolution_engine.py,backend/app/services/conflict_engine.py,37,18,FastAPI backend domain service,Cleaned service filename to domain + responsibility <= 22 chars
backend/tests/test_analytics_and_integration_hub.py,backend/tests/t_analytics_hub.py,37,18,FastAPI backend test suite,Shortened backend test module filename to t_<domain> <= 22 chars
backend/tests/test_crm_loyalty_sice_architecture.py,backend/tests/t_crm_loyalty.py,37,16,FastAPI backend test suite,Shortened backend test module filename to t_<domain> <= 22 chars
backend/tests/test_customer_360_growth_ecosystem.py,backend/tests/t_cust_360.py,37,13,FastAPI backend test suite,Shortened backend test module filename to t_<domain> <= 22 chars
backend/tests/test_production_security_hardening.py,backend/tests/t_prod_sec.py,37,13,FastAPI backend test suite,Shortened backend test module filename to t_<domain> <= 22 chars
backend/tests/test_promotion_conflict_resolution.py,backend/tests/t_promo_conflict.py,37,19,FastAPI backend test suite,Shortened backend test module filename to t_<domain> <= 22 chars
backend/tests/test_unified_approval_communicator.py,backend/tests/t_approval_comm.py,37,18,FastAPI backend test suite,Shortened backend test module filename to t_<domain> <= 22 chars
scripts/audit_business_endpoint_db_routing.py,scripts/audit_endpoint_db.py,37,20,Tooling / migration / audit script in scripts,Cleaned script filename to domain + action <= 22 chars
scripts/audit_company_db_naming_convention.py,scripts/audit_db_naming.py,37,18,Tooling / migration / audit script in scripts,Cleaned script filename to domain + action <= 22 chars
scripts/reconcile_and_seed_canonical_menus.py,scripts/reconcile_menus.py,37,18,Tooling / migration / audit script in scripts,Cleaned script filename to domain + action <= 22 chars
scripts/admin/smoke_test_auth_bootstrap_endpoint.py,scripts/admin/smoke_auth_boot.py,37,18,Tooling / migration / audit script in scripts/admin,Cleaned script filename to domain + action <= 22 chars
docs/SMRITI_ACCESSIBILITY_RUNTIME_AUDIT.md,docs/ACCESSIBILITY.md,37,16,Documentation in docs,Standardized document filename <= 22 chars
docs/architecture/SMRITI_COMPANY_CONTROL_CENTER_v1.0.md,docs/architecture/COMPANY_CONTROL_2.md,37,20,Documentation in docs/architecture,Standardized document filename <= 22 chars
docs/architecture/SMRITI_CONTROL_PLANE_BOUNDARY_v1.0.md,docs/architecture/CONTROL_PLANE_2.md,37,18,Documentation in docs/architecture,Standardized document filename <= 22 chars
docs/implementation/sales/Sales_Studio_Expansion_Plan_v2.1.1.md,docs/implementation/sales/Sales_Studio.md,37,15,Documentation in docs/implementation/sales,Standardized document filename <= 22 chars
docs/walkthrough/foundation/Foundation_HREP_Compliance_v3.14.0.md,docs/walkthrough/foundation/Fdn_HREP.md,37,11,Documentation in docs/walkthrough/foundation,Standardized document filename <= 22 chars
docs/walkthrough/foundation/Foundation_Tier4_Migration_v3.16.0.md,docs/walkthrough/foundation/Fdn_Tier4.md,37,12,Documentation in docs/walkthrough/foundation,Standardized document filename <= 22 chars
docs/walkthrough/foundation/Foundation_User_Management_v3.10.0.md,docs/walkthrough/foundation/Fdn_User_Mgmt.md,37,16,Documentation in docs/walkthrough/foundation,Standardized document filename <= 22 chars
docs/walkthrough/pos/POS_Shift_And_CashRegister_v3.12.0.md,docs/walkthrough/pos/POS_Shift_And.md,37,16,Documentation in docs/walkthrough/pos,Standardized document filename <= 22 chars
docs/_audit/LEGACY_TABLE_RUNTIME_CERTIFICATION.md,docs/_audit/LEGACY_TABLE.md,37,15,Documentation in docs/_audit,Standardized document filename <= 22 chars
src/tests/customerCrmLoyaltyDecoupling.test.ts,src/tests/crmLoyalty.test.ts,36,18,Vitest frontend test suite,Streamlined test suite filename to domain + responsibility <= 22 chars
backend/app/services/unified_accounting_ledger_service.py,backend/app/services/unified_ledger.py,36,17,FastAPI backend domain service,Cleaned service filename to domain + responsibility <= 22 chars
backend/tests/test_canonical_tax_invoice_frozen.py,backend/tests/t_canonical_tax.py,36,18,FastAPI backend test suite,Shortened backend test module filename to t_<domain> <= 22 chars
backend/tests/test_company_db_naming_convention.py,backend/tests/t_comp_db_name.py,36,17,FastAPI backend test suite,Shortened backend test module filename to t_<domain> <= 22 chars
backend/tests/test_master_tax_invoice_hardening.py,backend/tests/t_tax_inv_harden.py,36,19,FastAPI backend test suite,Shortened backend test module filename to t_<domain> <= 22 chars
backend/tests/test_promotions_and_growth_engine.py,backend/tests/t_promo_engine.py,36,17,FastAPI backend test suite,Shortened backend test module filename to t_<domain> <= 22 chars
backend/tests/test_sales_invoice_contract_suite.py,backend/tests/t_sales_contract.py,36,19,FastAPI backend test suite,Shortened backend test module filename to t_<domain> <= 22 chars
backend/tests/test_tt_batch_74_103_verification.py,backend/tests/t_tt_batch_74_103.py,36,20,FastAPI backend test suite,Shortened backend test module filename to t_<domain> <= 22 chars
backend/tests/test_unified_workspace_capability.py,backend/tests/t_workspace_cap.py,36,18,FastAPI backend test suite,Shortened backend test module filename to t_<domain> <= 22 chars
scripts/audit_item_master_schema_and_rows.py,scripts/audit_item_master.py,36,20,Tooling / migration / audit script in scripts,Cleaned script filename to domain + action <= 22 chars
scripts/audit_smritisys_database_identity.py,scripts/audit_db_identity.py,36,20,Tooling / migration / audit script in scripts,Cleaned script filename to domain + action <= 22 chars
scripts/update_db_references_to_smritisys.py,scripts/update_db_refs.py,36,17,Tooling / migration / audit script in scripts,Cleaned script filename to domain + action <= 22 chars
scripts/verify_master_control_plane_audit.py,scripts/verify_plane_audit.py,36,21,Tooling / migration / audit script in scripts,Cleaned script filename to domain + action <= 22 chars
docs/architecture/PRODUCT_IDENTITY_ENGINE_MIGRATION.md,docs/architecture/PRODUCT_IDENTITY__4.md,36,22,Documentation in docs/architecture,Standardized document filename <= 22 chars
docs/architecture/PRODUCT_IDENTITY_ENGINE_TEST_PLAN.md,docs/architecture/PRODUCT_IDENTITY__5.md,36,22,Documentation in docs/architecture,Standardized document filename <= 22 chars
docs/architecture/SMRITI_FIORI_LIGHT_VISUAL_QA_v1.0.md,docs/architecture/FIORI_LIGHT.md,36,14,Documentation in docs/architecture,Standardized document filename <= 22 chars
docs/walkthrough/foundation/MC2_Phase4B_New_Endpoints_v3.19.1.md,docs/walkthrough/foundation/MC2_Phase4B_New.md,36,18,Documentation in docs/walkthrough/foundation,Standardized document filename <= 22 chars
docs/_audit/FINAL_DOCUMENTATION_CERTIFICATION.md,docs/_audit/FINAL.md,36,8,Documentation in docs/_audit,Standardized document filename <= 22 chars
docs/_audit/SMRITISYS_RUNTIME_AUTHORITY_AUDIT.md,docs/_audit/SMRITISYS_RUNTIME.md,36,20,Documentation in docs/_audit,Standardized document filename <= 22 chars
src/components/itemMaster/SmritiAttributeManagementStudio.tsx,src/components/itemMaster/AttrMgmtStudio.tsx,35,18,UI component in src/components/itemMaster,Stripped redundant Smriti prefix and standardized component suffix <= 22 chars
src/components/security/SmritiSecurityConfigurationView.tsx,src/components/security/SecurityConfigView.tsx,35,22,UI component in src/components/security,Stripped redundant Smriti prefix and standardized component suffix <= 22 chars
src/tests/fullCycleBillingAndPrinting.test.ts,src/tests/fullBilling.test.ts,35,19,Vitest frontend test suite,Streamlined test suite filename to domain + responsibility <= 22 chars
src/tests/smritiDistributorTaxInvoice.test.ts,src/tests/distTaxInv.test.ts,35,18,Vitest frontend test suite,Streamlined test suite filename to domain + responsibility <= 22 chars
backend/app/services/unified_outbox_analytics_service.py,backend/app/services/outbox_analytics.py,35,19,FastAPI backend domain service,Cleaned service filename to domain + responsibility <= 22 chars
backend/app/tests/test_login_company_selector_flow.py,backend/app/tests/t_company_select.py,35,19,FastAPI backend test suite,Shortened backend test module filename to t_<domain> <= 22 chars
backend/tests/test_analytics_daemon_and_rollup.py,backend/tests/t_daemon_rollup.py,35,18,FastAPI backend test suite,Shortened backend test module filename to t_<domain> <= 22 chars
scripts/audit_company_control_center_e2e.py,scripts/audit_comp_ctr_e2e.py,35,21,Tooling / migration / audit script in scripts,Cleaned script filename to domain + action <= 22 chars
scripts/audit_reporting_dashboard_engine.py,scripts/audit_reporting.py,35,18,Tooling / migration / audit script in scripts,Cleaned script filename to domain + action <= 22 chars
scripts/ci_secret_and_reachability_guard.py,scripts/ci_secret_guard.py,35,18,Tooling / migration / audit script in scripts,Cleaned script filename to domain + action <= 22 chars
scripts/execute_company_001_provisioning.py,scripts/exec_comp001_prov.py,35,20,Tooling / migration / audit script in scripts,Cleaned script filename to domain + action <= 22 chars
scripts/export_comprehensive_master_pack.py,scripts/export_master_pack.py,35,21,Tooling / migration / audit script in scripts,Cleaned script filename to domain + action <= 22 chars
docs/SMRITI_PERFORMANCE_RUNTIME_AUDIT.md,docs/PERFORMANCE.md,35,14,Documentation in docs,Standardized document filename <= 22 chars
docs/architecture/PRODUCT_IDENTITY_ENGINE_API_SPEC.md,docs/architecture/PRODUCT_IDENTITY__6.md,35,22,Documentation in docs/architecture,Standardized document filename <= 22 chars
docs/architecture/PRODUCT_IDENTITY_ENGINE_SECURITY.md,docs/architecture/PRODUCT_IDENTITY__7.md,35,22,Documentation in docs/architecture,Standardized document filename <= 22 chars
docs/architecture/PRODUCT_IDENTITY_ENGINE_SEQUENCE.md,docs/architecture/PRODUCT_IDENTITY__8.md,35,22,Documentation in docs/architecture,Standardized document filename <= 22 chars
docs/audits/SMRITI_MEASUREMENT_VARIANT_AUDIT.md,docs/audits/MEASUREMENT.md,35,14,Documentation in docs/audits,Standardized document filename <= 22 chars
docs/implementation/pos/POS_DeepReview_Fixes_Plan_v2.1.3.md,docs/implementation/pos/POS_DeepReview.md,35,17,Documentation in docs/implementation/pos,Standardized document filename <= 22 chars
docs/user_guide/ENDUSER_TRAINING_COMPANY_DETAILS.md,docs/user_guide/ENDUSER_TRAINING.md,35,19,Documentation in docs/user_guide,Standardized document filename <= 22 chars
docs/walkthrough/crm/Retail_Customer_Catalogue_v5.5.0.md,docs/walkthrough/crm/Retail_Customer.md,35,18,Documentation in docs/walkthrough/crm,Standardized document filename <= 22 chars
docs/walkthrough/foundation/POS_StranglerFig_Cleanup_v3.21.1.md,docs/walkthrough/foundation/POS_StranglerFig.md,35,19,Documentation in docs/walkthrough/foundation,Standardized document filename <= 22 chars
docs/_audit/FINAL_ARCHITECTURE_CERTIFICATION.md,docs/_audit/FINAL_2.md,35,10,Documentation in docs/_audit,Standardized document filename <= 22 chars
src/components/billing/propos/SmritiProPosCashMovementsModal.tsx,src/components/billing/propos/ProPosCashMovesDlg.tsx,34,22,UI component in src/components/billing/propos,Stripped redundant Smriti prefix and standardized component suffix <= 22 chars
src/components/billing/propos/SmritiProPosLoyaltyLookupModal.tsx,src/components/billing/propos/ProPosLoyaltyLooku.tsx,34,22,UI component in src/components/billing/propos,Stripped redundant Smriti prefix and standardized component suffix <= 22 chars
src/components/customer/SmritiCustomerRetailDetailsTab.tsx,src/components/customer/CustRetailDetTab.tsx,34,20,UI component in src/components/customer,Stripped redundant Smriti prefix and standardized component suffix <= 22 chars
src/tests/customerLookupAndSelection.test.ts,src/tests/custLookup.test.ts,34,18,Vitest frontend test suite,Streamlined test suite filename to domain + responsibility <= 22 chars
backend/test_authenticated_training_e2e.py,backend/test_authenticated.py,34,21,File in backend,Standardized filename <= 22 chars
backend/app/services/analytical_intelligence_service.py,backend/app/services/analytics_svc.py,34,16,FastAPI backend domain service,Cleaned service filename to domain + responsibility <= 22 chars
backend/app/services/smrititaxinvoice_v1.integrity.json,backend/app/services/tax_invoice_v1.json,34,19,FastAPI backend domain service,Cleaned service filename to domain + responsibility <= 22 chars
backend/app/services/unified_pricing_payment_service.py,backend/app/services/pricing_payment.py,34,18,FastAPI backend domain service,Cleaned service filename to domain + responsibility <= 22 chars
backend/tests/test_company_control_center_e2e.py,backend/tests/t_comp_center_e2e.py,34,20,FastAPI backend test suite,Shortened backend test module filename to t_<domain> <= 22 chars
backend/tests/test_company_database_lifecycle.py,backend/tests/t_comp_db_life.py,34,17,FastAPI backend test suite,Shortened backend test module filename to t_<domain> <= 22 chars
backend/tests/test_company_db_runtime_routing.py,backend/tests/t_comp_db_route.py,34,18,FastAPI backend test suite,Shortened backend test module filename to t_<domain> <= 22 chars
backend/tests/test_routing_boundary_canonical.py,backend/tests/t_route_boundary.py,34,19,FastAPI backend test suite,Shortened backend test module filename to t_<domain> <= 22 chars
backend/tests/test_training_academy_e2e_suite.py,backend/tests/t_training_e2e.py,34,17,FastAPI backend test suite,Shortened backend test module filename to t_<domain> <= 22 chars
scripts/update_item_master_and_dispatch.py,scripts/update_item_master.py,34,21,Tooling / migration / audit script in scripts,Cleaned script filename to domain + action <= 22 chars
docs/SMRITI_RESPONSIVE_RUNTIME_AUDIT.md,docs/RESPONSIVE.md,34,13,Documentation in docs,Standardized document filename <= 22 chars
docs/architecture/PRODUCT_IDENTITY_ENGINE_ROADMAP.md,docs/architecture/PRODUCT_IDENTITY__9.md,34,22,Documentation in docs/architecture,Standardized document filename <= 22 chars
docs/architecture/SMRITI_CONTROL_PLANE_AUDIT_v1.0.md,docs/architecture/CONTROL_PLANE_2_3.md,34,20,Documentation in docs/architecture,Standardized document filename <= 22 chars
docs/architecture/decisions/ADR-001-Product-Identity-Engine.md,docs/architecture/decisions/ADR-001-Product-Id.md,34,21,Documentation in docs/architecture/decisions,Standardized document filename <= 22 chars
docs/walkthrough/foundation/Menu_Management_Governance_v1.0.md,docs/walkthrough/foundation/Menu_Mgmt_Gov_v1.0.md,34,21,Documentation in docs/walkthrough/foundation,Standardized document filename <= 22 chars
docs/walkthrough/sales/Sales_POS_Phase1_Phase2_v3.18.1.md,docs/walkthrough/sales/Sales_POS_Phase1.md,34,19,Documentation in docs/walkthrough/sales,Standardized document filename <= 22 chars
docs/_audit/ECOMMERCE_CORE_CAPABILITY_AUDIT.md,docs/_audit/ECOMMERCE_CORE.md,34,17,Documentation in docs/_audit,Standardized document filename <= 22 chars
src/components/billing/propos/SmritiProPosCancellationModal.tsx,src/components/billing/propos/ProPosCancellation.tsx,33,22,UI component in src/components/billing/propos,Stripped redundant Smriti prefix and standardized component suffix <= 22 chars
src/components/billing/propos/SmritiProPosCommissionBuilder.tsx,src/components/billing/propos/ProPosCommissionBu.tsx,33,22,UI component in src/components/billing/propos,Stripped redundant Smriti prefix and standardized component suffix <= 22 chars
src/components/billing/propos/SmritiProPosDenominationInput.tsx,src/components/billing/propos/ProPosDenomination.tsx,33,22,UI component in src/components/billing/propos,Stripped redundant Smriti prefix and standardized component suffix <= 22 chars
src/components/billing/propos/SmritiProPosTaxInvoiceReceipt.tsx,src/components/billing/propos/ProPosTaxInvoiceRc.tsx,33,22,UI component in src/components/billing/propos,Stripped redundant Smriti prefix and standardized component suffix <= 22 chars
src/components/customer/SmritiCustomerMasterWorkspace.tsx,src/components/customer/CustMasterWs.tsx,33,16,UI component in src/components/customer,Stripped redundant Smriti prefix and standardized component suffix <= 22 chars
src/components/customer/SmritiCustomerPriceGroupModal.tsx,src/components/customer/CustPriceGroupDlg.tsx,33,21,UI component in src/components/customer,Stripped redundant Smriti prefix and standardized component suffix <= 22 chars
src/components/security/SmritiSecurityManagementModal.tsx,src/components/security/SecurityMgmtDlg.tsx,33,19,UI component in src/components/security,Stripped redundant Smriti prefix and standardized component suffix <= 22 chars
src/tests/customerPolicyEnforcement.test.ts,src/tests/custPolicy.test.ts,33,18,Vitest frontend test suite,Streamlined test suite filename to domain + responsibility <= 22 chars
src/tests/securityMenuAccessControl.test.ts,src/tests/menuAccess.test.ts,33,18,Vitest frontend test suite,Streamlined test suite filename to domain + responsibility <= 22 chars
backend/generate_tt_tax_invoices_batch.py,backend/generate_tt_tax_in.py,33,21,File in backend,Standardized filename <= 22 chars
backend/app/services/tattly_dispatch_import_service.py,backend/app/services/dispatch_import.py,33,18,FastAPI backend domain service,Cleaned service filename to domain + responsibility <= 22 chars
backend/tests/test_ecom_routing_and_webhooks.py,backend/tests/t_ecom_webhooks.py,33,18,FastAPI backend test suite,Shortened backend test module filename to t_<domain> <= 22 chars
backend/tests/test_pos_cash_drawer_movements.py,backend/tests/t_pos_drawer.py,33,15,FastAPI backend test suite,Shortened backend test module filename to t_<domain> <= 22 chars
backend/tests/test_unified_accounting_ledger.py,backend/tests/t_unified_ledger.py,33,19,FastAPI backend test suite,Shortened backend test module filename to t_<domain> <= 22 chars
scripts/audit_promotions_growth_engine.py,scripts/audit_promotions.py,33,19,Tooling / migration / audit script in scripts,Cleaned script filename to domain + action <= 22 chars
scripts/forensic_pre_provisioning_gate.py,scripts/forensic_prov_gate.py,33,21,Tooling / migration / audit script in scripts,Cleaned script filename to domain + action <= 22 chars
scripts/run_hardened_e2e_certification.py,scripts/run_hardened_e2e.py,33,19,Tooling / migration / audit script in scripts,Cleaned script filename to domain + action <= 22 chars
scripts/run_headless_e2e_certification.py,scripts/run_headless_e2e.py,33,19,Tooling / migration / audit script in scripts,Cleaned script filename to domain + action <= 22 chars
scripts/test_fiori_light_visual_qa_e2e.py,scripts/test_fiori_qa_e2e.py,33,20,Tooling / migration / audit script in scripts,Cleaned script filename to domain + action <= 22 chars
scripts/admin/verify_admin_bootstrap_service.py,scripts/admin/verify_admin_boot.py,33,20,Tooling / migration / audit script in scripts/admin,Cleaned script filename to domain + action <= 22 chars
docs/PHASE1_PILOT_SUPPORTED_MODULES.md,docs/PHASE1_PILOT.md,33,15,Documentation in docs,Standardized document filename <= 22 chars
docs/SMRITI_DATA_CONNECTIVITY_AUDIT.md,docs/DATA_CONNECTIVITY.md,33,20,Documentation in docs,Standardized document filename <= 22 chars
docs/SMRITI_GLOBAL_UX_CERTIFICATION.md,docs/GLOBAL_UX.md,33,12,Documentation in docs,Standardized document filename <= 22 chars
docs/architecture/PLATFORM_MICROSERVICES_ROADMAP.md,docs/architecture/PLATFORM_2.md,33,13,Documentation in docs/architecture,Standardized document filename <= 22 chars
docs/architecture/PRODUCT_IDENTITY_ENGINE_ERRORS.md,docs/architecture/PRODUCT_IDENTITY_10.md,33,22,Documentation in docs/architecture,Standardized document filename <= 22 chars
docs/implementation/foundation/FastAPI_v13_v14_Migration_Plan.md,docs/implementation/foundation/FastAPI_v13_v14.md,33,18,Documentation in docs/implementation/foundation,Standardized document filename <= 22 chars
docs/implementation/foundation/SGIP_PRODUCT_CONSTITUTION_v1.0.md,docs/implementation/foundation/SGIP_PRODUCT.md,33,15,Documentation in docs/implementation/foundation,Standardized document filename <= 22 chars
docs/walkthrough/reports/Reports_Reports_Module_v3.14.0.md,docs/walkthrough/reports/Reports_Reports.md,33,18,Documentation in docs/walkthrough/reports,Standardized document filename <= 22 chars
src/components/billing/SmritiInvoiceSettlementModal.tsx,src/components/billing/InvoiceSettlementD.tsx,32,22,UI component in src/components/billing,Stripped redundant Smriti prefix and standardized component suffix <= 22 chars
src/components/billing/propos/SmritiProPosSalesReturnModal.tsx,src/components/billing/propos/ProPosSalesReturnD.tsx,32,22,UI component in src/components/billing/propos,Stripped redundant Smriti prefix and standardized component suffix <= 22 chars
src/components/itemMaster/SmritiKeyboardShortcutsModal.tsx,src/components/itemMaster/KeyboardKeysDlg.tsx,32,19,UI component in src/components/itemMaster,Stripped redundant Smriti prefix and standardized component suffix <= 22 chars
src/tests/companySelectorHardening.test.ts,src/tests/companySelect.test.ts,32,21,Vitest frontend test suite,Streamlined test suite filename to domain + responsibility <= 22 chars
backend/app/compliance/repositories/government_service_repository.py,backend/app/compliance/repositories/gov_service_repo.py,32,19,FastAPI backend artifact in backend/app/compliance/repositories,Standardized backend filename <= 22 chars
backend/tests/test_item_master_gap_refactor.py,backend/tests/t_item_gap.py,32,13,FastAPI backend test suite,Shortened backend test module filename to t_<domain> <= 22 chars
backend/tests/test_pos_shift_gl_integration.py,backend/tests/t_pos_shift_gl.py,32,17,FastAPI backend test suite,Shortened backend test module filename to t_<domain> <= 22 chars
backend/tests/test_psv_cge_and_offline_sync.py,backend/tests/t_psv_sync.py,32,13,FastAPI backend test suite,Shortened backend test module filename to t_<domain> <= 22 chars
backend/tests/test_unified_outbox_analytics.py,backend/tests/t_outbox_stats.py,32,17,FastAPI backend test suite,Shortened backend test module filename to t_<domain> <= 22 chars
scripts/add_author_designation_header.py,scripts/add_author_header.py,32,20,Tooling / migration / audit script in scripts,Cleaned script filename to domain + action <= 22 chars
scripts/audit_smritisys_control_plane.py,scripts/audit_ctrl_plane.py,32,19,Tooling / migration / audit script in scripts,Cleaned script filename to domain + action <= 22 chars
scripts/audit_sqlalchemy_schema_drift.py,scripts/audit_schema_drift.py,32,21,Tooling / migration / audit script in scripts,Cleaned script filename to domain + action <= 22 chars
scripts/export_menu_management_review.py,scripts/export_menu_review.py,32,21,Tooling / migration / audit script in scripts,Cleaned script filename to domain + action <= 22 chars
scripts/export_tax_invoices_canonical.py,scripts/export_canonical.py,32,19,Tooling / migration / audit script in scripts,Cleaned script filename to domain + action <= 22 chars
scripts/forensic_review_multi_company.py,scripts/forensic_multi_db.py,32,20,Tooling / migration / audit script in scripts,Cleaned script filename to domain + action <= 22 chars
scripts/generate_menu_decision_matrix.py,scripts/gen_menu_matrix.py,32,18,Tooling / migration / audit script in scripts,Cleaned script filename to domain + action <= 22 chars
scripts/migrate_wms_phase1_company_db.py,scripts/migr_wms_phase1.py,32,18,Tooling / migration / audit script in scripts,Cleaned script filename to domain + action <= 22 chars
scripts/migrate_wms_phase2_company_db.py,scripts/migr_wms_phase2.py,32,18,Tooling / migration / audit script in scripts,Cleaned script filename to domain + action <= 22 chars
scripts/run_performance_console_audit.py,scripts/run_perf_audit.py,32,17,Tooling / migration / audit script in scripts,Cleaned script filename to domain + action <= 22 chars
scripts/run_true_ui_e2e_certification.py,scripts/run_true_ui_e2e.py,32,18,Tooling / migration / audit script in scripts,Cleaned script filename to domain + action <= 22 chars
scripts/test_mock_kpi_remediation_e2e.py,scripts/test_mock_kpi_e2e.py,32,20,Tooling / migration / audit script in scripts,Cleaned script filename to domain + action <= 22 chars
scripts/update_branches_and_smriti001.py,scripts/update_branches.py,32,18,Tooling / migration / audit script in scripts,Cleaned script filename to domain + action <= 22 chars
scripts/update_company_tattly_threads.py,scripts/update_comp_tt.py,32,17,Tooling / migration / audit script in scripts,Cleaned script filename to domain + action <= 22 chars
docs/SMRITI_API_CONNECTIVITY_AUDIT.md,docs/API_CONNECTIVITY.md,32,19,Documentation in docs,Standardized document filename <= 22 chars
docs/architecture/decisions/ADR-002-Business-Key-Strategy.md,docs/architecture/decisions/ADR-002-Business-K.md,32,21,Documentation in docs/architecture/decisions,Standardized document filename <= 22 chars
docs/architecture/decisions/ADR-003-GS1-Assignment-Policy.md,docs/architecture/decisions/ADR-003-GS1-Assign.md,32,21,Documentation in docs/architecture/decisions,Standardized document filename <= 22 chars
docs/architecture/decisions/ADR-005-Multi-Barcode-Support.md,docs/architecture/decisions/ADR-005-Multi-Barc.md,32,21,Documentation in docs/architecture/decisions,Standardized document filename <= 22 chars
docs/governance/REPOSITORY_HYGIENE_AUDIT_v1.0.md,docs/governance/REPOSITORY.md,32,13,Documentation in docs/governance,Standardized document filename <= 22 chars
docs/implementation/foundation/SGIP_IMPLEMENTATION_PLAN_v1.1.md,docs/implementation/foundation/SGIP.md,32,7,Documentation in docs/implementation/foundation,Standardized document filename <= 22 chars
docs/user_guide/ENDUSER_TRAINING_SALES_STUDIO.md,docs/user_guide/ENDUSER_TRAINING_2.md,32,21,Documentation in docs/user_guide,Standardized document filename <= 22 chars
docs/walkthrough/foundation/ArchDebt_Deprecations_v3.18.3.md,docs/walkthrough/foundation/ArchDebt.md,32,11,Documentation in docs/walkthrough/foundation,Standardized document filename <= 22 chars
docs/walkthrough/foundation/POS_Profiles_CRUD_API_v3.22.0.md,docs/walkthrough/foundation/POS_Profiles_CRUD.md,32,20,Documentation in docs/walkthrough/foundation,Standardized document filename <= 22 chars
src/components/barcode/BarcodeScriptGenerationView.tsx,src/components/barcode/BarcodeScriptGenVi.tsx,31,22,UI component in src/components/barcode,Stripped redundant Smriti prefix and standardized component suffix <= 22 chars
src/components/billing/propos/SmritiProPosBillingTerminal.tsx,src/components/billing/propos/ProPosBillingTerm.tsx,31,21,UI component in src/components/billing/propos,Stripped redundant Smriti prefix and standardized component suffix <= 22 chars
src/components/billing/propos/SmritiProPosPromotionEngine.tsx,src/components/billing/propos/ProPosPromotionEng.tsx,31,22,UI component in src/components/billing/propos,Stripped redundant Smriti prefix and standardized component suffix <= 22 chars
src/components/billing/propos/SmritiProPosSettlementModal.tsx,src/components/billing/propos/ProPosSettlementDl.tsx,31,22,UI component in src/components/billing/propos,Stripped redundant Smriti prefix and standardized component suffix <= 22 chars
src/components/billing/propos/SmritiProPosShiftCloseModal.tsx,src/components/billing/propos/ProPosShiftCloseDl.tsx,31,22,UI component in src/components/billing/propos,Stripped redundant Smriti prefix and standardized component suffix <= 22 chars
src/components/common/SmritiItemTypeaheadDropdown.tsx,src/components/common/ItemTypeaheadDrop.tsx,31,21,UI component in src/components/common,Stripped redundant Smriti prefix and standardized component suffix <= 22 chars
src/components/itemMaster/SmritiImagePathConfigStudio.tsx,src/components/itemMaster/ImagePathConfigStu.tsx,31,22,UI component in src/components/itemMaster,Stripped redundant Smriti prefix and standardized component suffix <= 22 chars
src/components/security/SmritiMenuAccessControlView.tsx,src/components/security/MenuAccessControlV.tsx,31,22,UI component in src/components/security,Stripped redundant Smriti prefix and standardized component suffix <= 22 chars
src/tests/proPosKeyboardShortcuts.test.ts,src/tests/proPosKeys.test.ts,31,18,Vitest frontend test suite,Streamlined test suite filename to domain + responsibility <= 22 chars
src/tests/purchaseOrderGeneration.test.ts,src/tests/poGenerate.test.ts,31,18,Vitest frontend test suite,Streamlined test suite filename to domain + responsibility <= 22 chars
src/tests/validatorsAndFormatters.test.ts,src/tests/validators.test.ts,31,18,Vitest frontend test suite,Streamlined test suite filename to domain + responsibility <= 22 chars
backend/app/services/company_database_provisioner.py,backend/app/services/db_provisioner.py,31,17,FastAPI backend domain service,Cleaned service filename to domain + responsibility <= 22 chars
backend/app/services/smrititaxinvoice_frozen_spec.py,backend/app/services/tax_invoice_spec.py,31,19,FastAPI backend domain service,Cleaned service filename to domain + responsibility <= 22 chars
backend/app/services/unified_sales_ledger_service.py,backend/app/services/sales_ledger_svc.py,31,19,FastAPI backend domain service,Cleaned service filename to domain + responsibility <= 22 chars
backend/docs/_audit/LEGACY_TEST_MIGRATION_MATRIX.md,backend/docs/_audit/TEST_MIGRATION.md,31,17,FastAPI backend artifact in backend/docs/_audit,Standardized backend filename <= 22 chars
backend/scripts/migrate_item_master_not_null.py,backend/scripts/migr_item_master.py,31,19,FastAPI backend artifact in backend/scripts,Standardized backend filename <= 22 chars
backend/tests/test_company_db_provisioning.py,backend/tests/t_comp_db_prov.py,31,17,FastAPI backend test suite,Shortened backend test module filename to t_<domain> <= 22 chars
backend/tests/test_golive_acceptance_audit.py,backend/tests/t_golive_audit.py,31,17,FastAPI backend test suite,Shortened backend test module filename to t_<domain> <= 22 chars
scripts/audit_company_control_center.py,scripts/audit_comp_center.py,31,20,Tooling / migration / audit script in scripts,Cleaned script filename to domain + action <= 22 chars
scripts/run_accessibility_wcag_audit.py,scripts/run_wcag_audit.py,31,17,Tooling / migration / audit script in scripts,Cleaned script filename to domain + action <= 22 chars
scripts/verify_ui_ux_audit_integrity.py,scripts/verify_ui_ux.py,31,15,Tooling / migration / audit script in scripts,Cleaned script filename to domain + action <= 22 chars
scripts/dev/frontend_backend_route_audit.py,scripts/dev/route_audit.py,31,14,Tooling / migration / audit script in scripts/dev,Cleaned script filename to domain + action <= 22 chars
scripts/dev/scan_express_route_inventory.py,scripts/dev/scan_express_inv.py,31,19,Tooling / migration / audit script in scripts/dev,Cleaned script filename to domain + action <= 22 chars
docs/SMRITI_RUNTIME_E2E_TEST_PLAN.md,docs/RUNTIME_E2E_TEST.md,31,19,Documentation in docs,Standardized document filename <= 22 chars
docs/SMRITI_UI_CONNECTIVITY_AUDIT.md,docs/UI_CONNECTIVITY.md,31,18,Documentation in docs,Standardized document filename <= 22 chars
docs/architecture/SMRITI_PSV_ARCHITECTURE_v1.0.md,docs/architecture/PSV_ARCHITECTURE.md,31,19,Documentation in docs/architecture,Standardized document filename <= 22 chars
docs/audits/SMRITI_BUSINESS_AUDIT_REPORT.md,docs/audits/BUSINESS_AUDIT.md,31,17,Documentation in docs/audits,Standardized document filename <= 22 chars
docs/implementation/foundation/Tier4_Backend_Migration_Plan.md,docs/implementation/foundation/Tier4_Backend.md,31,16,Documentation in docs/implementation/foundation,Standardized document filename <= 22 chars
docs/walkthrough/foundation/Demo_Completion_and_Training.md,docs/walkthrough/foundation/Demo_Completion.md,31,18,Documentation in docs/walkthrough/foundation,Standardized document filename <= 22 chars
src/components/billing/propos/SmritiProPosPdtImportModal.tsx,src/components/billing/propos/ProPosPdtImportDlg.tsx,30,22,UI component in src/components/billing/propos,Stripped redundant Smriti prefix and standardized component suffix <= 22 chars
src/components/customer/SmritiCustomerMailingModal.tsx,src/components/customer/CustMailingDlg.tsx,30,18,UI component in src/components/customer,Stripped redundant Smriti prefix and standardized component suffix <= 22 chars
src/components/itemMaster/modals/ItemMasterSaveWarningModal.tsx,src/components/itemMaster/modals/ItemMasterSaveWarn.tsx,30,22,UI component in src/components/itemMaster/modals,Stripped redundant Smriti prefix and standardized component suffix <= 22 chars
src/components/purchase/PurchaseOrderGenerationTab.tsx,src/components/purchase/PurchOrderGenTab.tsx,30,20,UI component in src/components/purchase,Stripped redundant Smriti prefix and standardized component suffix <= 22 chars
src/components/purchase/PurchaseProductBrowseModal.tsx,src/components/purchase/PurchProductBrowse.tsx,30,22,UI component in src/components/purchase,Stripped redundant Smriti prefix and standardized component suffix <= 22 chars
src/tests/globalF2BrowseHeadless.test.ts,src/tests/f2Browse.test.ts,30,16,Vitest frontend test suite,Streamlined test suite filename to domain + responsibility <= 22 chars
src/tests/itemMasterTacticalGrid.test.ts,src/tests/itemGrid.test.ts,30,16,Vitest frontend test suite,Streamlined test suite filename to domain + responsibility <= 22 chars
backend/test_training_readiness_e2e.py,backend/test_training_read.py,30,21,File in backend,Standardized filename <= 22 chars
backend/app/services/smrititaxinvoice_v1.golden.css,backend/app/services/tax_invoice_v1.css,30,18,FastAPI backend domain service,Cleaned service filename to domain + responsibility <= 22 chars
backend/scripts/migrate_pricing_constraints.py,backend/scripts/migr_pricing.py,30,15,FastAPI backend artifact in backend/scripts,Standardized backend filename <= 22 chars
backend/tests/test_company_control_center.py,backend/tests/t_company_center.py,30,19,FastAPI backend test suite,Shortened backend test module filename to t_<domain> <= 22 chars
backend/tests/test_universal_party_master.py,backend/tests/t_univ_party.py,30,15,FastAPI backend test suite,Shortened backend test module filename to t_<domain> <= 22 chars
scripts/sync_smriti001_to_smritisys.py,scripts/sync_001_sys.py,30,15,Tooling / migration / audit script in scripts,Cleaned script filename to domain + action <= 22 chars
scripts/test_browser_navigation_e2e.py,scripts/test_browser_e2e.py,30,19,Tooling / migration / audit script in scripts,Cleaned script filename to domain + action <= 22 chars
scripts/test_invoice_pdf_generation.py,scripts/test_invoice_pdf.py,30,19,Tooling / migration / audit script in scripts,Cleaned script filename to domain + action <= 22 chars
scripts/test_stock_valuation_report.py,scripts/test_stock_report.py,30,20,Tooling / migration / audit script in scripts,Cleaned script filename to domain + action <= 22 chars
docs/AI_AGENT_ARCHITECTURE_RULES.md,docs/AI_AGENT.md,30,11,Documentation in docs,Standardized document filename <= 22 chars
docs/architecture/PRODUCT_IDENTITY_ENGINE_ERD.md,docs/architecture/PRODUCT_IDENTITY_11.md,30,22,Documentation in docs/architecture,Standardized document filename <= 22 chars
docs/architecture/PRODUCT_IDENTITY_ENGINE_NFR.md,docs/architecture/PRODUCT_IDENTITY_12.md,30,22,Documentation in docs/architecture,Standardized document filename <= 22 chars
docs/governance/GOVERNANCE_FREEZE_CHECKLIST.md,docs/governance/GOVERNANCE_FREEZE.md,30,20,Documentation in docs/governance,Standardized document filename <= 22 chars
docs/governance/LICENSE_AND_OWNERSHIP_AUDIT.md,docs/governance/LICENSE_AND.md,30,14,Documentation in docs/governance,Standardized document filename <= 22 chars
docs/_audit/FINAL_DATA_MIGRATION_REPORT.md,docs/_audit/FINAL_DATA.md,30,13,Documentation in docs/_audit,Standardized document filename <= 22 chars
docs/_refactor/01_company_scoping_findings.md,docs/_refactor/01_company.md,30,13,Documentation in docs/_refactor,Standardized document filename <= 22 chars
src/components/AttributeAnalyticsSection.tsx,src/components/AttrAnalyticsSec.tsx,29,20,UI component in src/components,Stripped redundant Smriti prefix and standardized component suffix <= 22 chars
src/components/HeaderMappingPreviewModal.tsx,src/components/HeaderMappingPrevi.tsx,29,22,UI component in src/components,Stripped redundant Smriti prefix and standardized component suffix <= 22 chars
src/components/barcode/BarcodePrinterSelectModal.tsx,src/components/barcode/BarcodePrinterSele.tsx,29,22,UI component in src/components/barcode,Stripped redundant Smriti prefix and standardized component suffix <= 22 chars
src/components/billing/ProductSearchBrowserModal.tsx,src/components/billing/ProductSearchBrows.tsx,29,22,UI component in src/components/billing,Stripped redundant Smriti prefix and standardized component suffix <= 22 chars
src/components/billing/propos/SmritiCustomerBrowseModal.tsx,src/components/billing/propos/CustBrowseDlg.tsx,29,17,UI component in src/components/billing/propos,Stripped redundant Smriti prefix and standardized component suffix <= 22 chars
src/components/billing/propos/SmritiProPosEodReportView.tsx,src/components/billing/propos/ProPosEodReportVie.tsx,29,22,UI component in src/components/billing/propos,Stripped redundant Smriti prefix and standardized component suffix <= 22 chars
src/components/itemMaster/SmritiCodeSelectionDialog.tsx,src/components/itemMaster/CodeSelectDlg.tsx,29,17,UI component in src/components/itemMaster,Stripped redundant Smriti prefix and standardized component suffix <= 22 chars
src/components/itemMaster/SmritiItemMasterWorkspace.tsx,src/components/itemMaster/ItemMasterWs.tsx,29,16,UI component in src/components/itemMaster,Stripped redundant Smriti prefix and standardized component suffix <= 22 chars
src/components/training/CertificateGeneratorModal.tsx,src/components/training/CertificateGenerat.tsx,29,22,UI component in src/components/training,Stripped redundant Smriti prefix and standardized component suffix <= 22 chars
src/tests/customerFlowIntegrity.test.ts,src/tests/custFlow.test.ts,29,16,Vitest frontend test suite,Streamlined test suite filename to domain + responsibility <= 22 chars
src/tests/dynamicItemAttributes.test.ts,src/tests/itemAttrs.test.ts,29,17,Vitest frontend test suite,Streamlined test suite filename to domain + responsibility <= 22 chars
src/tests/oneToManyAliasMapping.test.ts,src/tests/aliasMap.test.ts,29,16,Vitest frontend test suite,Streamlined test suite filename to domain + responsibility <= 22 chars
src/tests/smritiBillingTerminal.test.ts,src/tests/billingTerm.test.ts,29,19,Vitest frontend test suite,Streamlined test suite filename to domain + responsibility <= 22 chars
backend/app/compliance/tests/test_compliance_foundation.py,backend/app/compliance/tests/test_compliance_fou.py,29,22,FastAPI backend artifact in backend/app/compliance/tests,Standardized backend filename <= 22 chars
backend/app/tests/test_masters_consolidation.py,backend/app/tests/t_masters_consol.py,29,19,FastAPI backend test suite,Shortened backend test module filename to t_<domain> <= 22 chars
backend/tests/test_get_company_db_wiring.py,backend/tests/t_comp_db_wire.py,29,17,FastAPI backend test suite,Shortened backend test module filename to t_<domain> <= 22 chars
backend/tests/test_mock_data_remediation.py,backend/tests/t_mock_remedy.py,29,16,FastAPI backend test suite,Shortened backend test module filename to t_<domain> <= 22 chars
backend/tests/test_sales_return_workflow.py,backend/tests/t_sales_return.py,29,17,FastAPI backend test suite,Shortened backend test module filename to t_<domain> <= 22 chars
backend/tests/test_universal_item_master.py,backend/tests/t_univ_item.py,29,14,FastAPI backend test suite,Shortened backend test module filename to t_<domain> <= 22 chars
scripts/audit_fiori_light_redesign.py,scripts/audit_fiori_light.py,29,20,Tooling / migration / audit script in scripts,Cleaned script filename to domain + action <= 22 chars
scripts/audit_fiori_visual_qa_gate.py,scripts/audit_fiori_qa.py,29,17,Tooling / migration / audit script in scripts,Cleaned script filename to domain + action <= 22 chars
scripts/audit_retroactive_invoices.py,scripts/audit_retro_inv.py,29,18,Tooling / migration / audit script in scripts,Cleaned script filename to domain + action <= 22 chars
scripts/inspect_pending_registries.py,scripts/inspect_registries.py,29,21,Tooling / migration / audit script in scripts,Cleaned script filename to domain + action <= 22 chars
scripts/migrate_menu_governance_v1.py,scripts/migr_menu_gov.py,29,16,Tooling / migration / audit script in scripts,Cleaned script filename to domain + action <= 22 chars
scripts/reconcile_workspace_counts.py,scripts/reconcile_ws.py,29,15,Tooling / migration / audit script in scripts,Cleaned script filename to domain + action <= 22 chars
scripts/register_artifacts_104_106.py,scripts/reg_artifacts_104.py,29,20,Tooling / migration / audit script in scripts,Cleaned script filename to domain + action <= 22 chars
scripts/run_responsive_touch_audit.py,scripts/run_touch_audit.py,29,18,Tooling / migration / audit script in scripts,Cleaned script filename to domain + action <= 22 chars
scripts/test_supplier_creation_e2e.py,scripts/test_supplier_e2e.py,29,20,Tooling / migration / audit script in scripts,Cleaned script filename to domain + action <= 22 chars
scripts/admin/inspect_test_user_password.py,scripts/admin/inspect_test_user.py,29,20,Tooling / migration / audit script in scripts/admin,Cleaned script filename to domain + action <= 22 chars
docs/SMRITI_DOCUMENTATION_INDEX.md,docs/DOCUMENTATION.md,29,16,Documentation in docs,Standardized document filename <= 22 chars
docs/SMRITI_GLOBAL_UX_BENCHMARK.md,docs/GLOBAL_UX_2.md,29,14,Documentation in docs,Standardized document filename <= 22 chars
docs/SMRITI_PRINT_RUNTIME_AUDIT.md,docs/PRINT_RUNTIME.md,29,16,Documentation in docs,Standardized document filename <= 22 chars
docs/SMRITI_RUNTIME_E2E_RESULTS.md,docs/RUNTIME_E2E.md,29,14,Documentation in docs,Standardized document filename <= 22 chars
docs/SMRITI_UX_ARCHITECTURE_MAP.md,docs/UX_ARCHITECTURE.md,29,18,Documentation in docs,Standardized document filename <= 22 chars
docs/SMRITI_UX_REMEDIATION_PLAN.md,docs/UX_REMEDIATION.md,29,17,Documentation in docs,Standardized document filename <= 22 chars
docs/audits/SMRITI_MASTER_AUDIT_REPORT.md,docs/audits/MASTER_AUDIT.md,29,15,Documentation in docs/audits,Standardized document filename <= 22 chars
docs/developer_guide/AI_IMPLEMENTATION_STANDARD.md,docs/developer_guide/AI_IMPLEMENTATION.md,29,20,Documentation in docs/developer_guide,Standardized document filename <= 22 chars
docs/_audit/04_barcode_subsystem_audit.md,docs/_audit/04_barcode.md,29,13,Documentation in docs/_audit,Standardized document filename <= 22 chars
docs/_audit/06_test_verification_audit.md,docs/_audit/06_test.md,29,10,Documentation in docs/_audit,Standardized document filename <= 22 chars
docs/_audit/FINAL_CERTIFICATION_REPORT.md,docs/_audit/FINAL_2_3.md,29,12,Documentation in docs/_audit,Standardized document filename <= 22 chars
src/components/AdminMenuManagementModal.tsx,src/components/AdminMenuMgmtDlg.tsx,28,20,UI component in src/components,Stripped redundant Smriti prefix and standardized component suffix <= 22 chars
src/components/barcode/EditQuantityDetailsModal.tsx,src/components/barcode/EditQuantityDetDlg.tsx,28,22,UI component in src/components/barcode,Stripped redundant Smriti prefix and standardized component suffix <= 22 chars
src/components/billing/propos/SmritiProPosHotkeysModal.tsx,src/components/billing/propos/ProPosHotkeysDlg.tsx,28,20,UI component in src/components/billing/propos,Stripped redundant Smriti prefix and standardized component suffix <= 22 chars
src/components/billing/propos/SmritiProPosReprintModal.tsx,src/components/billing/propos/ProPosReprintDlg.tsx,28,20,UI component in src/components/billing/propos,Stripped redundant Smriti prefix and standardized component suffix <= 22 chars
src/components/sales/components/TaxInvoiceDirectEntryBar.tsx,src/components/sales/components/TaxInvoiceDirectEn.tsx,28,22,UI component in src/components/sales/components,Stripped redundant Smriti prefix and standardized component suffix <= 22 chars
src/components/sales/components/TaxInvoiceNetValuesPanel.tsx,src/components/sales/components/TaxInvoiceNetValue.tsx,28,22,UI component in src/components/sales/components,Stripped redundant Smriti prefix and standardized component suffix <= 22 chars
src/tests/masterListPagination.test.ts,src/tests/masterPage.test.ts,28,18,Vitest frontend test suite,Streamlined test suite filename to domain + responsibility <= 22 chars
backend/tmp_reset_admin_password2.py,backend/tmp_reset_admin_pa.py,28,21,File in backend,Standardized filename <= 22 chars
backend/app/models/company_database_registry.py,backend/app/models/company_registry.py,28,19,FastAPI backend artifact in backend/app/models,Standardized backend filename <= 22 chars
backend/app/schemas/company_database_registry.py,backend/app/schemas/company_registry.py,28,19,FastAPI backend artifact in backend/app/schemas,Standardized backend filename <= 22 chars
backend/app/services/commercial_growth_service.py,backend/app/services/commercial_growth.py,28,20,FastAPI backend domain service,Cleaned service filename to domain + responsibility <= 22 chars
backend/app/services/company_database_resolver.py,backend/app/services/db_resolver.py,28,14,FastAPI backend domain service,Cleaned service filename to domain + responsibility <= 22 chars
backend/app/services/control_database_registry.py,backend/app/services/control_registry.py,28,19,FastAPI backend domain service,Cleaned service filename to domain + responsibility <= 22 chars
backend/app/services/tally_integration_service.py,backend/app/services/tally_service.py,28,16,FastAPI backend domain service,Cleaned service filename to domain + responsibility <= 22 chars
backend/tests/test_production_isolation.py,backend/tests/t_prod_isolate.py,28,17,FastAPI backend test suite,Shortened backend test module filename to t_<domain> <= 22 chars
backend/tests/test_security_menu_access.py,backend/tests/t_sec_menu.py,28,13,FastAPI backend test suite,Shortened backend test module filename to t_<domain> <= 22 chars
backend/tests/test_unified_sales_ledger.py,backend/tests/t_sales_ledger.py,28,17,FastAPI backend test suite,Shortened backend test module filename to t_<domain> <= 22 chars
backend/tests/test_wms_phase2_grn_sales.py,backend/tests/t_wms_phase2.py,28,15,FastAPI backend test suite,Shortened backend test module filename to t_<domain> <= 22 chars
backend/tests/test_wms_phase3_eway_bill.py,backend/tests/t_wms_phase3.py,28,15,FastAPI backend test suite,Shortened backend test module filename to t_<domain> <= 22 chars
scripts/audit_ui_ux_control_plane.py,scripts/audit_ui_ctrl.py,28,16,Tooling / migration / audit script in scripts,Cleaned script filename to domain + action <= 22 chars
scripts/search_po_extraction_tw07.py,scripts/search_po_tw07.py,28,17,Tooling / migration / audit script in scripts,Cleaned script filename to domain + action <= 22 chars
scripts/test_menu_security_matrix.py,scripts/test_menu_sec.py,28,16,Tooling / migration / audit script in scripts,Cleaned script filename to domain + action <= 22 chars
scripts/update_invoice_73_address.py,scripts/update_inv_73_addr.py,28,21,Tooling / migration / audit script in scripts,Cleaned script filename to domain + action <= 22 chars
scripts/verify_database_integrity.py,scripts/verify_db_integ.py,28,18,Tooling / migration / audit script in scripts,Cleaned script filename to domain + action <= 22 chars
docs/architecture/ITEM_MASTER_REFACTOR_GATE.md,docs/architecture/ITEM_MASTER.md,28,14,Documentation in docs/architecture,Standardized document filename <= 22 chars
docs/walkthrough/CONSOLIDATED_WALKTHROUGHS.md,docs/walkthrough/CONSOLIDATED.md,28,15,Documentation in docs/walkthrough,Standardized document filename <= 22 chars
docs/_audit/DATA_MIGRATION_EXCEPTIONS.md,docs/_audit/DATA_MIGRATION.md,28,17,Documentation in docs/_audit,Standardized document filename <= 22 chars
src/components/AttributeManagerSection.tsx,src/components/AttrManagerSec.tsx,27,18,UI component in src/components,Stripped redundant Smriti prefix and standardized component suffix <= 22 chars
src/components/HeaderAliasManagerModal.tsx,src/components/HeaderAliasManager.tsx,27,22,UI component in src/components,Stripped redundant Smriti prefix and standardized component suffix <= 22 chars
src/components/InventoryForecastWidget.tsx,src/components/InventoryForecastW.tsx,27,22,UI component in src/components,Stripped redundant Smriti prefix and standardized component suffix <= 22 chars
src/components/ProcessSalesReturnModal.tsx,src/components/ProcessSalesReturn.tsx,27,22,UI component in src/components,Stripped redundant Smriti prefix and standardized component suffix <= 22 chars
src/components/billing/propos/SmritiProPosRecallModal.tsx,src/components/billing/propos/ProPosRecallDlg.tsx,27,19,UI component in src/components/billing/propos,Stripped redundant Smriti prefix and standardized component suffix <= 22 chars
src/components/common/ImageDisplayPolicyModal.tsx,src/components/common/ImageDisplayPolicy.tsx,27,22,UI component in src/components/common,Stripped redundant Smriti prefix and standardized component suffix <= 22 chars
src/components/common/SmritiTypeaheadDropdown.tsx,src/components/common/TypeaheadDrop.tsx,27,17,UI component in src/components/common,Stripped redundant Smriti prefix and standardized component suffix <= 22 chars
src/components/itemMaster/SmritiViewConfiguration.tsx,src/components/itemMaster/ViewConfig.tsx,27,14,UI component in src/components/itemMaster,Stripped redundant Smriti prefix and standardized component suffix <= 22 chars
src/components/sales/components/TaxInvoiceDocumentPanel.tsx,src/components/sales/components/TaxInvoiceDocPanel.tsx,27,22,UI component in src/components/sales/components,Stripped redundant Smriti prefix and standardized component suffix <= 22 chars
src/components/sales/components/TaxInvoiceHeaderToolbar.tsx,src/components/sales/components/TaxInvoiceHeaderTo.tsx,27,22,UI component in src/components/sales/components,Stripped redundant Smriti prefix and standardized component suffix <= 22 chars
src/components/training/Day5LifecycleTestEngine.tsx,src/components/training/Day5LifecycleTestE.tsx,27,22,UI component in src/components/training,Stripped redundant Smriti prefix and standardized component suffix <= 22 chars
src/components/training/ManagerAnalyticsConsole.tsx,src/components/training/ManagerAnalyticsCo.tsx,27,22,UI component in src/components/training,Stripped redundant Smriti prefix and standardized component suffix <= 22 chars
src/services/partnerSellThroughEngine.ts,src/services/partnerSellThru.ts,27,18,Frontend logic in src/services,Streamlined service/repository name <= 22 chars
src/tests/autoPopulateService.test.ts,src/tests/autoPopulate.test.ts,27,20,Vitest frontend test suite,Streamlined test suite filename to domain + responsibility <= 22 chars
src/tests/globalExportService.test.ts,src/tests/globalExport.test.ts,27,20,Vitest frontend test suite,Streamlined test suite filename to domain + responsibility <= 22 chars
src/tests/headerMappingEngine.test.ts,src/tests/headerMap.test.ts,27,17,Vitest frontend test suite,Streamlined test suite filename to domain + responsibility <= 22 chars
src/tests/phase2Architectures.test.ts,src/tests/phase2Arch.test.ts,27,18,Vitest frontend test suite,Streamlined test suite filename to domain + responsibility <= 22 chars
src/tests/skuGenerationEngine.test.ts,src/tests/skuEngine.test.ts,27,17,Vitest frontend test suite,Streamlined test suite filename to domain + responsibility <= 22 chars
src/tests/taxInvoiceFiltering.test.ts,src/tests/taxFilter.test.ts,27,17,Vitest frontend test suite,Streamlined test suite filename to domain + responsibility <= 22 chars
backend/tmp_reset_admin_password.py,backend/tmp_reset_admin_p_2.py,27,22,File in backend,Standardized filename <= 22 chars
backend/app/db/ephemeral_tenant_harness.py,backend/app/db/tenant_harness.py,27,17,FastAPI backend artifact in backend/app/db,Standardized backend filename <= 22 chars
backend/app/services/analytics_daemon_service.py,backend/app/services/analytics_daemon.py,27,19,FastAPI backend domain service,Cleaned service filename to domain + responsibility <= 22 chars
backend/app/services/compliance_audit_service.py,backend/app/services/compliance_audit.py,27,19,FastAPI backend domain service,Cleaned service filename to domain + responsibility <= 22 chars
backend/app/services/ecom_reservation_service.py,backend/app/services/ecom_reservation.py,27,19,FastAPI backend domain service,Cleaned service filename to domain + responsibility <= 22 chars
backend/tests/test_grn_stock_increment.py,backend/tests/t_grn_stock.py,27,14,FastAPI backend test suite,Shortened backend test module filename to t_<domain> <= 22 chars
backend/tests/test_indian_number_words.py,backend/tests/t_number_words.py,27,17,FastAPI backend test suite,Shortened backend test module filename to t_<domain> <= 22 chars
backend/tests/test_purchase_order_flow.py,backend/tests/t_po_flow.py,27,12,FastAPI backend test suite,Shortened backend test module filename to t_<domain> <= 22 chars
scripts/apply_pos_unique_indexes.py,scripts/apply_pos_indexes.py,27,20,Tooling / migration / audit script in scripts,Cleaned script filename to domain + action <= 22 chars
scripts/check_pending_references.py,scripts/check_pending_refs.py,27,21,Tooling / migration / audit script in scripts,Cleaned script filename to domain + action <= 22 chars
scripts/inspect_sample_addresses.py,scripts/inspect_addresses.py,27,20,Tooling / migration / audit script in scripts,Cleaned script filename to domain + action <= 22 chars
scripts/inspect_smriti001_tables.py,scripts/inspect_001_tables.py,27,21,Tooling / migration / audit script in scripts,Cleaned script filename to domain + action <= 22 chars
scripts/refresh_user_guide_index.py,scripts/refresh_guide_idx.py,27,20,Tooling / migration / audit script in scripts,Cleaned script filename to domain + action <= 22 chars
scripts/test_menu_governance_e2e.py,scripts/test_menu_gov_e2e.py,27,20,Tooling / migration / audit script in scripts,Cleaned script filename to domain + action <= 22 chars
scripts/admin/reset_test_user_password.py,scripts/admin/reset_test_pwd.py,27,17,Tooling / migration / audit script in scripts/admin,Cleaned script filename to domain + action <= 22 chars
docs/PILOT_DB_MIGRATE_RESULTS.md,docs/PILOT_DB_MIGRATE.md,27,19,Documentation in docs,Standardized document filename <= 22 chars
docs/audits/CONSIGNMENT_AUDIT_REPORT.md,docs/audits/CONSIGNMENT_AUDIT.md,27,20,Documentation in docs/audits,Standardized document filename <= 22 chars
docs/governance/ADR_002_COMPLIANCE_AUDIT.md,docs/governance/ADR_002.md,27,10,Documentation in docs/governance,Standardized document filename <= 22 chars
docs/user_guide/ENDUSER_TRAINING_AUTHORS.md,docs/user_guide/ENDUSER_TRAINING__3.md,27,22,Documentation in docs/user_guide,Standardized document filename <= 22 chars
docs/_audit/FINAL_REMEDIATION_REPORT.md,docs/_audit/FINAL_REMEDIATION.md,27,20,Documentation in docs/_audit,Standardized document filename <= 22 chars
docs/_refactor/02_schema_migration_plan.md,docs/_refactor/02_schema.md,27,12,Documentation in docs/_refactor,Standardized document filename <= 22 chars
docs/_refactor/03_alias_registry_design.md,docs/_refactor/03_alias_registry.md,27,20,Documentation in docs/_refactor,Standardized document filename <= 22 chars
docs/_refactor/04_paste_pipeline_design.md,docs/_refactor/04_paste_pipeline.md,27,20,Documentation in docs/_refactor,Standardized document filename <= 22 chars
docs/_refactor/05_reporting_view_design.md,docs/_refactor/05_reporting_view.md,27,20,Documentation in docs/_refactor,Standardized document filename <= 22 chars
src/components/CompanySelectionScreen.tsx,src/components/CompanySelectScree.tsx,26,22,UI component in src/components,Stripped redundant Smriti prefix and standardized component suffix <= 22 chars
src/components/VariantTemplateSection.tsx,src/components/VariantTemplateSec.tsx,26,22,UI component in src/components,Stripped redundant Smriti prefix and standardized component suffix <= 22 chars
src/components/barcode/barcodeTransactionStore.ts,src/components/barcode/barcodeTransactionS.ts,26,22,UI component in src/components/barcode,Stripped redundant Smriti prefix and standardized component suffix <= 22 chars
src/components/billing/ItemBrowseOverlayModal.tsx,src/components/billing/ItemBrowseOverlayD.tsx,26,22,UI component in src/components/billing,Stripped redundant Smriti prefix and standardized component suffix <= 22 chars
src/components/drilldown/ContextualInspectorHUD.tsx,src/components/drilldown/CtxInspectorHUD.tsx,26,19,UI component in src/components/drilldown,Stripped redundant Smriti prefix and standardized component suffix <= 22 chars
src/components/global/document/configs/purchaseDocument.config.ts,src/components/global/document/configs/purchaseDoc.config.ts,26,21,UI component in src/components/global/document/configs,Stripped redundant Smriti prefix and standardized component suffix <= 22 chars
src/components/itemMaster/SmritiItemMasterStudio.tsx,src/components/itemMaster/ItemMasterStudio.tsx,26,20,UI component in src/components/itemMaster,Stripped redundant Smriti prefix and standardized component suffix <= 22 chars
src/components/itemMaster/SmritiReplaceDataModal.tsx,src/components/itemMaster/ReplaceDataDlg.tsx,26,18,UI component in src/components/itemMaster,Stripped redundant Smriti prefix and standardized component suffix <= 22 chars
src/services/securityManagementStore.ts,src/services/securityStore.ts,26,16,Frontend logic in src/services,Streamlined service/repository name <= 22 chars
src/tests/customerPriceGroup.test.ts,src/tests/custPriceGrp.test.ts,26,20,Vitest frontend test suite,Streamlined test suite filename to domain + responsibility <= 22 chars
src/tests/multiTargetMapping.test.ts,src/tests/multiMap.test.ts,26,16,Vitest frontend test suite,Streamlined test suite filename to domain + responsibility <= 22 chars
backend/app/services/invoice_seller_resolver.py,backend/app/services/seller_resolver.py,26,18,FastAPI backend domain service,Cleaned service filename to domain + responsibility <= 22 chars
backend/app/services/universal_party_service.py,backend/app/services/univ_party_svc.py,26,17,FastAPI backend domain service,Cleaned service filename to domain + responsibility <= 22 chars
backend/app/tests/test_product_pagination.py,backend/app/tests/t_prod_page.py,26,14,FastAPI backend test suite,Shortened backend test module filename to t_<domain> <= 22 chars
backend/app/tests/test_staff_verification.py,backend/app/tests/t_staff_verify.py,26,17,FastAPI backend test suite,Shortened backend test module filename to t_<domain> <= 22 chars
backend/tests/test_eway_bill_dispatch.py,backend/tests/t_eway_dispatch.py,26,18,FastAPI backend test suite,Shortened backend test module filename to t_<domain> <= 22 chars
scripts/audit_golive_acceptance.py,scripts/audit_golive.py,26,15,Tooling / migration / audit script in scripts,Cleaned script filename to domain + action <= 22 chars
scripts/create_invoices_104_106.py,scripts/create_invs_104.py,26,18,Tooling / migration / audit script in scripts,Cleaned script filename to domain + action <= 22 chars
scripts/export_item_master_list.py,scripts/export_item_list.py,26,19,Tooling / migration / audit script in scripts,Cleaned script filename to domain + action <= 22 chars
scripts/migrate_db_to_smritisys.py,scripts/migr_db_to_sys.py,26,17,Tooling / migration / audit script in scripts,Cleaned script filename to domain + action <= 22 chars
scripts/reconcile_po_vs_invoice.py,scripts/reconcile_po_inv.py,26,19,Tooling / migration / audit script in scripts,Cleaned script filename to domain + action <= 22 chars
scripts/rollback_menu_migration.py,scripts/rollback_menu.py,26,16,Tooling / migration / audit script in scripts,Cleaned script filename to domain + action <= 22 chars
scripts/test_daily_sales_report.py,scripts/test_daily_sales.py,26,19,Tooling / migration / audit script in scripts,Cleaned script filename to domain + action <= 22 chars
scripts/verify_export_integrity.py,scripts/verify_export.py,26,16,Tooling / migration / audit script in scripts,Cleaned script filename to domain + action <= 22 chars
scripts/verify_invoices_104_106.py,scripts/verify_invs_104.py,26,18,Tooling / migration / audit script in scripts,Cleaned script filename to domain + action <= 22 chars
docs/SMRITI_MODULE_INVENTORY.md,docs/MODULE_INVENTORY.md,26,19,Documentation in docs,Standardized document filename <= 22 chars
docs/SMRITI_SCREEN_INVENTORY.md,docs/SCREEN_INVENTORY.md,26,19,Documentation in docs,Standardized document filename <= 22 chars
docs/SMRITI_USER_JOURNEY_MAP.md,docs/USER_JOURNEY_MAP.md,26,19,Documentation in docs,Standardized document filename <= 22 chars
docs/architecture/PRODUCT_IDENTITY_ENGINE.md,docs/architecture/PRODUCT_IDENTITY_13.md,26,22,Documentation in docs/architecture,Standardized document filename <= 22 chars
docs/audits/SMRITI_ERP_AUDIT_REPORT.md,docs/audits/SMRITI_ERP_AUDIT.md,25,20,Documentation in docs/audits,Standardized document filename <= 22 chars
docs/user_guide/USER_TRAINING_BLUEPRINT.md,docs/user_guide/USER_TRAINING.md,26,16,Documentation in docs/user_guide,Standardized document filename <= 22 chars
docs/walkthrough/purchase/Purchase_Phase3_v3.18.2.md,docs/walkthrough/purchase/Purchase_Phase3.md,26,18,Documentation in docs/walkthrough/purchase,Standardized document filename <= 22 chars
docs/_audit/00_repository_inventory.md,docs/_audit/00_repository.md,26,16,Documentation in docs/_audit,Standardized document filename <= 22 chars
docs/_audit/07_version_status_audit.md,docs/_audit/07_version_status.md,26,20,Documentation in docs/_audit,Standardized document filename <= 22 chars
src/components/AdvancedBillingEngine.tsx,src/components/AdvancedBillingEng.tsx,25,22,UI component in src/components,Stripped redundant Smriti prefix and standardized component suffix <= 22 chars
src/components/BarcodeMappingSection.tsx,src/components/BarcodeMappingSec.tsx,25,21,UI component in src/components,Stripped redundant Smriti prefix and standardized component suffix <= 22 chars
src/components/ExcelGridEntrySection.tsx,src/components/ExcelGridEntrySec.tsx,25,21,UI component in src/components,Stripped redundant Smriti prefix and standardized component suffix <= 22 chars
src/components/barcode/SearchableMultiSelect.tsx,src/components/barcode/SearchableMultiSel.tsx,25,22,UI component in src/components/barcode,Stripped redundant Smriti prefix and standardized component suffix <= 22 chars
src/components/billing/SmritiBillingTerminal.tsx,src/components/billing/BillingTerm.tsx,25,15,UI component in src/components/billing,Stripped redundant Smriti prefix and standardized component suffix <= 22 chars
src/components/billing/propos/SmritiProPosWorkspace.tsx,src/components/billing/propos/ProPosWs.tsx,25,12,UI component in src/components/billing/propos,Stripped redundant Smriti prefix and standardized component suffix <= 22 chars
src/components/customer/SmritiCustomerFormTab.tsx,src/components/customer/CustFormTab.tsx,25,15,UI component in src/components/customer,Stripped redundant Smriti prefix and standardized component suffix <= 22 chars
src/components/global/configs/approvalMatrix.config.tsx,src/components/global/configs/approvalMatrix.con.tsx,25,22,UI component in src/components/global/configs,Stripped redundant Smriti prefix and standardized component suffix <= 22 chars
src/components/global/configs/customerMaster.config.tsx,src/components/global/configs/customerMaster.con.tsx,25,22,UI component in src/components/global/configs,Stripped redundant Smriti prefix and standardized component suffix <= 22 chars
src/components/global/configs/documentSeries.config.tsx,src/components/global/configs/documentSeries.con.tsx,25,22,UI component in src/components/global/configs,Stripped redundant Smriti prefix and standardized component suffix <= 22 chars
src/components/global/configs/supplierMaster.config.tsx,src/components/global/configs/supplierMaster.con.tsx,25,22,UI component in src/components/global/configs,Stripped redundant Smriti prefix and standardized component suffix <= 22 chars
src/components/itemMaster/SmritiItemCatalogGrid.tsx,src/components/itemMaster/ItemCatGrid.tsx,25,15,UI component in src/components/itemMaster,Stripped redundant Smriti prefix and standardized component suffix <= 22 chars
src/components/itemMaster/SmritiItemDetailsGrid.tsx,src/components/itemMaster/ItemDetGrid.tsx,25,15,UI component in src/components/itemMaster,Stripped redundant Smriti prefix and standardized component suffix <= 22 chars
src/components/itemMaster/tabs/FieldSelectionViewTab.tsx,src/components/itemMaster/tabs/FieldSelectViewTab.tsx,25,22,UI component in src/components/itemMaster/tabs,Stripped redundant Smriti prefix and standardized component suffix <= 22 chars
src/services/imagePathConfigService.ts,src/services/imagePathConfig.ts,25,18,Frontend logic in src/services,Streamlined service/repository name <= 22 chars
src/tests/indianNumberWords.test.ts,src/tests/numberWords.test.ts,25,19,Vitest frontend test suite,Streamlined test suite filename to domain + responsibility <= 22 chars
backend/app/api/v1/company_control_center.py,backend/app/api/v1/company_center.py,25,17,FastAPI backend artifact in backend/app/api/v1,Standardized backend filename <= 22 chars
backend/app/compliance/repositories/credentials_repository.py,backend/app/compliance/repositories/credentials_repo.py,25,19,FastAPI backend artifact in backend/app/compliance/repositories,Standardized backend filename <= 22 chars
backend/app/services/company_code_allocator.py,backend/app/services/code_allocator.py,25,17,FastAPI backend domain service,Cleaned service filename to domain + responsibility <= 22 chars
backend/app/services/psv_projection_service.py,backend/app/services/psv_projection.py,25,17,FastAPI backend domain service,Cleaned service filename to domain + responsibility <= 22 chars
backend/app/services/reconciliation_service.py,backend/app/services/reconcile_svc.py,25,16,FastAPI backend domain service,Cleaned service filename to domain + responsibility <= 22 chars
backend/app/services/universal_item_service.py,backend/app/services/univ_item_svc.py,25,16,FastAPI backend domain service,Cleaned service filename to domain + responsibility <= 22 chars
backend/tests/test_fiscal_period_brs.py,backend/tests/t_fiscal_period.py,25,18,FastAPI backend test suite,Shortened backend test module filename to t_<domain> <= 22 chars
scripts/import_842_item_master.py,scripts/import_842_items.py,25,19,Tooling / migration / audit script in scripts,Cleaned script filename to domain + action <= 22 chars
scripts/inspect_frontend_ui_ux.py,scripts/inspect_fe_ui.py,25,16,Tooling / migration / audit script in scripts,Cleaned script filename to domain + action <= 22 chars
scripts/parse_requested_matrix.py,scripts/parse_matrix.py,25,15,Tooling / migration / audit script in scripts,Cleaned script filename to domain + action <= 22 chars
scripts/run_axe_core_wcag_scan.py,scripts/run_axe_scan.py,25,15,Tooling / migration / audit script in scripts,Cleaned script filename to domain + action <= 22 chars
scripts/test_purchase_bill_e2e.py,scripts/test_purch_bill.py,25,18,Tooling / migration / audit script in scripts,Cleaned script filename to domain + action <= 22 chars
scripts/update_bill_79_from_73.py,scripts/update_bill_79_73.py,25,20,Tooling / migration / audit script in scripts,Cleaned script filename to domain + action <= 22 chars
docs/SMRITI_UX_AUDIT_MASTER.md,docs/UX_AUDIT_MASTER.md,25,18,Documentation in docs,Standardized document filename <= 22 chars
docs/architecture/PLATFORM_ADAPTER_RULES.md,docs/architecture/PLATFORM_ADAPTER.md,25,19,Documentation in docs/architecture,Standardized document filename <= 22 chars
docs/architecture/decisions/ADR-004-Event-Sourcing.md,docs/architecture/decisions/ADR-004-Event-Sour.md,25,21,Documentation in docs/architecture/decisions,Standardized document filename <= 22 chars
docs/implementation/IMPLEMENTATION_ROADMAP.md,docs/implementation/IMPLEMENTATION.md,25,17,Documentation in docs/implementation,Standardized document filename <= 22 chars
docs/implementation/foundation/FastAPI_Migration_Plan.md,docs/implementation/foundation/FastAPI_Migration.md,25,20,Documentation in docs/implementation/foundation,Standardized document filename <= 22 chars
docs/_audit/05_psv_subsystem_audit.md,docs/_audit/05_psv_subsystem.md,25,19,Documentation in docs/_audit,Standardized document filename <= 22 chars
docs/_audit/08_master_audit_report.md,docs/_audit/08_master_audit.md,25,18,Documentation in docs/_audit,Standardized document filename <= 22 chars
src/components/CompanyControlCenter.tsx,src/components/CompanyControlCent.tsx,24,22,UI component in src/components,Stripped redundant Smriti prefix and standardized component suffix <= 22 chars
src/components/CreateDebitNoteModal.tsx,src/components/CreateDebitNoteDlg.tsx,24,22,UI component in src/components,Stripped redundant Smriti prefix and standardized component suffix <= 22 chars
src/components/LabelPrintingSection.tsx,src/components/LabelPrintingSec.tsx,24,20,UI component in src/components,Stripped redundant Smriti prefix and standardized component suffix <= 22 chars
src/components/PrepareDispatchModal.tsx,src/components/PrepareDispatchDlg.tsx,24,22,UI component in src/components,Stripped redundant Smriti prefix and standardized component suffix <= 22 chars
src/components/SupplierDashboardTab.tsx,src/components/SupplierDashTab.tsx,24,19,UI component in src/components,Stripped redundant Smriti prefix and standardized component suffix <= 22 chars
src/components/drilldown/DrillDownBreadcrumbs.tsx,src/components/drilldown/DrillDownCrumbs.tsx,24,19,UI component in src/components/drilldown,Stripped redundant Smriti prefix and standardized component suffix <= 22 chars
src/components/global/document/DocumentStudioScreen.tsx,src/components/global/document/DocStudioScreen.tsx,24,19,UI component in src/components/global/document,Stripped redundant Smriti prefix and standardized component suffix <= 22 chars
src/components/sales/components/TaxInvoiceFooterTabs.tsx,src/components/sales/components/TaxInvoiceFooterTa.tsx,24,22,UI component in src/components/sales/components,Stripped redundant Smriti prefix and standardized component suffix <= 22 chars
src/components/training/Day4BillingSimulator.tsx,src/components/training/Day4BillingSim.tsx,24,18,UI component in src/components/training,Stripped redundant Smriti prefix and standardized component suffix <= 22 chars
src/db/indexeddb/IndexedDbRepositories.ts,src/db/indexeddb/IdbRepos.ts,24,11,Frontend logic in src/db/indexeddb,Streamlined service/repository name <= 22 chars
src/tests/metadataRegistry.test.ts,src/tests/metaRegistry.test.ts,24,20,Vitest frontend test suite,Streamlined test suite filename to domain + responsibility <= 22 chars
src/tests/tagLabelPrinting.test.ts,src/tests/tagPrinting.test.ts,24,19,Vitest frontend test suite,Streamlined test suite filename to domain + responsibility <= 22 chars
backend/app/services/inventory_wms_service.py,backend/app/services/inventory_wms.py,24,16,FastAPI backend domain service,Cleaned service filename to domain + responsibility <= 22 chars
backend/app/services/invoice_render_errors.py,backend/app/services/invoice_errors.py,24,17,FastAPI backend domain service,Cleaned service filename to domain + responsibility <= 22 chars
backend/app/services/pdt_analytics_service.py,backend/app/services/pdt_analytics.py,24,16,FastAPI backend domain service,Cleaned service filename to domain + responsibility <= 22 chars
backend/app/tests/test_api_v1_migration.py,backend/app/tests/t_api_v1_migr.py,24,16,FastAPI backend test suite,Shortened backend test module filename to t_<domain> <= 22 chars
backend/app/tests/test_database_manager.py,backend/app/tests/t_db_manager.py,24,15,FastAPI backend test suite,Shortened backend test module filename to t_<domain> <= 22 chars
backend/app/tests/test_product_identity.py,backend/app/tests/t_prod_identity.py,24,18,FastAPI backend test suite,Shortened backend test module filename to t_<domain> <= 22 chars
backend/app/tests/test_reports_schedule.py,backend/app/tests/t_rpt_schedule.py,24,17,FastAPI backend test suite,Shortened backend test module filename to t_<domain> <= 22 chars
backend/app/tests/test_supplier_payment.py,backend/app/tests/t_supp_payment.py,24,17,FastAPI backend test suite,Shortened backend test module filename to t_<domain> <= 22 chars
backend/app/tests/test_tenant_isolation.py,backend/app/tests/t_tenant_isolate.py,24,19,FastAPI backend test suite,Shortened backend test module filename to t_<domain> <= 22 chars
backend/tests/test_multicurrency_fx.py,backend/tests/t_multicurrency.py,24,18,FastAPI backend test suite,Shortened backend test module filename to t_<domain> <= 22 chars
backend/tests/test_multidb_platform.py,backend/tests/t_multidb_plat.py,24,17,FastAPI backend test suite,Shortened backend test module filename to t_<domain> <= 22 chars
backend/tests/test_purchase_invoice.py,backend/tests/t_purch_invoice.py,24,18,FastAPI backend test suite,Shortened backend test module filename to t_<domain> <= 22 chars
backend/tests/test_ui_control_plane.py,backend/tests/t_ui_ctrl_plane.py,24,18,FastAPI backend test suite,Shortened backend test module filename to t_<domain> <= 22 chars
scripts/calc_invoices_104_106.py,scripts/calc_invs_104.py,24,16,Tooling / migration / audit script in scripts,Cleaned script filename to domain + action <= 22 chars
scripts/check_sis_master_data.py,scripts/check_sis_masters.py,24,20,Tooling / migration / audit script in scripts,Cleaned script filename to domain + action <= 22 chars
scripts/inspect_backend_ui_ux.py,scripts/inspect_be_ui.py,24,16,Tooling / migration / audit script in scripts,Cleaned script filename to domain + action <= 22 chars
scripts/naming_inventory_scan.py,scripts/naming_scan.py,24,14,Tooling / migration / audit script in scripts,Cleaned script filename to domain + action <= 22 chars
scripts/seed_ui_control_plane.py,scripts/seed_ui_plane.py,24,16,Tooling / migration / audit script in scripts,Cleaned script filename to domain + action <= 22 chars
scripts/smoke_test_wms_phase4.py,scripts/smoke_wms_phase4.py,24,19,Tooling / migration / audit script in scripts,Cleaned script filename to domain + action <= 22 chars
scripts/test_offline_fallback.py,scripts/test_offline_fall.py,24,20,Tooling / migration / audit script in scripts,Cleaned script filename to domain + action <= 22 chars
scripts/test_sales_return_e2e.py,scripts/test_sales_ret_e2e.py,24,21,Tooling / migration / audit script in scripts,Cleaned script filename to domain + action <= 22 chars
scripts/verify_menu_migration.py,scripts/verify_menu_migr.py,24,19,Tooling / migration / audit script in scripts,Cleaned script filename to domain + action <= 22 chars
docs/PILOT_GO_LIVE_RUNBOOK.md,docs/PILOT_GO_LIVE.md,24,16,Documentation in docs,Standardized document filename <= 22 chars
docs/PILOT_SMOKE_CHECKLIST.md,docs/PILOT_SMOKE.md,24,14,Documentation in docs,Standardized document filename <= 22 chars
docs/_audit/01_document_inventory.md,docs/_audit/01_document.md,24,14,Documentation in docs/_audit,Standardized document filename <= 22 chars
docs/_audit/02_architecture_audit.md,docs/_audit/02_arch_audit.md,24,16,Documentation in docs/_audit,Standardized document filename <= 22 chars
docs/_refactor/11_residual_followups.md,docs/_refactor/11_residual.md,24,14,Documentation in docs/_refactor,Standardized document filename <= 22 chars
docs/_refactor/FINAL_REFACTOR_REPORT.md,docs/_refactor/FINAL_REFACTOR.md,24,17,Documentation in docs/_refactor,Standardized document filename <= 22 chars
src/components/MasterManagementTab.tsx,src/components/MasterMgmtTab.tsx,23,17,UI component in src/components,Stripped redundant Smriti prefix and standardized component suffix <= 22 chars
src/components/PasswordResetScreen.tsx,src/components/PasswordResetScree.tsx,23,22,UI component in src/components,Stripped redundant Smriti prefix and standardized component suffix <= 22 chars
src/components/SmritiErrorBoundary.tsx,src/components/ErrorBoundary.tsx,23,17,UI component in src/components,Stripped redundant Smriti prefix and standardized component suffix <= 22 chars
src/components/TaxInvoicePrintPage.tsx,src/components/TaxInvoicePrintPag.tsx,23,22,UI component in src/components,Stripped redundant Smriti prefix and standardized component suffix <= 22 chars
src/components/barcode/TagLabelPrintingTab.tsx,src/components/barcode/TagLabelPrintingTa.tsx,23,22,UI component in src/components/barcode,Stripped redundant Smriti prefix and standardized component suffix <= 22 chars
src/components/common/FlexibleContextGrid.tsx,src/components/common/FlexContextGrid.tsx,23,19,UI component in src/components/common,Stripped redundant Smriti prefix and standardized component suffix <= 22 chars
src/components/crm/OpportunityPipeline.tsx,src/components/crm/OppPipe.tsx,23,11,UI component in src/components/crm,Stripped redundant Smriti prefix and standardized component suffix <= 22 chars
src/components/drilldown/GlobalF2BrowseModal.tsx,src/components/drilldown/GlobalF2BrowseDlg.tsx,23,21,UI component in src/components/drilldown,Stripped redundant Smriti prefix and standardized component suffix <= 22 chars
src/components/global/configs/masterLookup.config.tsx,src/components/global/configs/masterLookup.confi.tsx,23,22,UI component in src/components/global/configs,Stripped redundant Smriti prefix and standardized component suffix <= 22 chars
src/components/global/document/configs/salesDocument.config.ts,src/components/global/document/configs/salesDoc.config.ts,23,18,UI component in src/components/global/document/configs,Stripped redundant Smriti prefix and standardized component suffix <= 22 chars
src/components/itemMaster/ItemMasterEntryView.tsx,src/components/itemMaster/ItemMasterEntryVie.tsx,23,22,UI component in src/components/itemMaster,Stripped redundant Smriti prefix and standardized component suffix <= 22 chars
src/components/sales/components/TaxInvoiceStatusBar.tsx,src/components/sales/components/TaxInvoiceStatusBa.tsx,23,22,UI component in src/components/sales/components,Stripped redundant Smriti prefix and standardized component suffix <= 22 chars
src/components/training/Day1MasterSimulator.tsx,src/components/training/Day1MasterSim.tsx,23,17,UI component in src/components/training,Stripped redundant Smriti prefix and standardized component suffix <= 22 chars
src/db/postgres/PostgresRepositories.ts,src/db/postgres/PgRepos.ts,23,10,Frontend logic in src/db/postgres,Streamlined service/repository name <= 22 chars
src/layout_engine/navigation_renderer.tsx,src/layout_engine/NavRenderer.tsx,23,15,Frontend logic in src/layout_engine,Streamlined service/repository name <= 22 chars
src/services/customerPolicyEngine.ts,src/services/custPolicyEngine.ts,23,19,Frontend logic in src/services,Streamlined service/repository name <= 22 chars
src/services/trainingSandboxStore.ts,src/services/trainingStore.ts,23,16,Frontend logic in src/services,Streamlined service/repository name <= 22 chars
src/services/globalContext/fieldContextRegistry.ts,src/services/globalContext/fieldContext.ts,23,15,Frontend logic in src/services/globalContext,Streamlined service/repository name <= 22 chars
src/tests/databaseManager.test.ts,src/tests/dbManager.test.ts,23,17,Vitest frontend test suite,Streamlined test suite filename to domain + responsibility <= 22 chars
backend/app/compliance/repositories/audit_log_repository.py,backend/app/compliance/repositories/audit_log_repo.py,23,17,FastAPI backend artifact in backend/app/compliance/repositories,Standardized backend filename <= 22 chars
backend/app/db/control_plane_seeder.py,backend/app/db/ctrl_seeder.py,23,14,FastAPI backend artifact in backend/app/db,Standardized backend filename <= 22 chars
backend/app/models/tax_invoice_template.py,backend/app/models/tax_inv_template.py,23,19,FastAPI backend artifact in backend/app/models,Standardized backend filename <= 22 chars
backend/app/services/distribution_service.py,backend/app/services/distribution_svc.py,23,19,FastAPI backend domain service,Cleaned service filename to domain + responsibility <= 22 chars
backend/app/services/governed_rule_engine.py,backend/app/services/governed_rules.py,23,17,FastAPI backend domain service,Cleaned service filename to domain + responsibility <= 22 chars
backend/app/services/localization_service.py,backend/app/services/localization_svc.py,23,19,FastAPI backend domain service,Cleaned service filename to domain + responsibility <= 22 chars
backend/app/services/offline_sync_service.py,backend/app/services/offline_sync_svc.py,23,19,FastAPI backend domain service,Cleaned service filename to domain + responsibility <= 22 chars
backend/app/tests/test_ecom_connectors.py,backend/app/tests/t_ecom_connect.py,23,17,FastAPI backend test suite,Shortened backend test module filename to t_<domain> <= 22 chars
backend/app/tests/test_user_management.py,backend/app/tests/t_user_mgmt.py,23,14,FastAPI backend test suite,Shortened backend test module filename to t_<domain> <= 22 chars
backend/tests/test_menu_governance.py,backend/tests/t_menu_gov.py,23,13,FastAPI backend test suite,Shortened backend test module filename to t_<domain> <= 22 chars
scripts/audit_item_master_db.py,scripts/audit_item_db.py,23,16,Tooling / migration / audit script in scripts,Cleaned script filename to domain + action <= 22 chars
scripts/import_ril_customers.py,scripts/import_ril_custs.py,23,19,Tooling / migration / audit script in scripts,Cleaned script filename to domain + action <= 22 chars
scripts/inspect_all_invoices.py,scripts/inspect_invoices.py,23,19,Tooling / migration / audit script in scripts,Cleaned script filename to domain + action <= 22 chars
scripts/inspect_sales_schema.py,scripts/inspect_sales_sch.py,23,20,Tooling / migration / audit script in scripts,Cleaned script filename to domain + action <= 22 chars
scripts/search_r217_prestige.py,scripts/search_prestige.py,23,18,Tooling / migration / audit script in scripts,Cleaned script filename to domain + action <= 22 chars
scripts/security_secret_scan.py,scripts/sec_secret_scan.py,23,18,Tooling / migration / audit script in scripts,Cleaned script filename to domain + action <= 22 chars
scripts/seed_phase_d_masters.ts,scripts/seed_phase_d.ts,23,15,Tooling / migration / audit script in scripts,Cleaned script filename to domain + action <= 22 chars
scripts/test_grn_receipt_e2e.py,scripts/test_grn_rcpt_e2e.py,23,20,Tooling / migration / audit script in scripts,Cleaned script filename to domain + action <= 22 chars
scripts/test_po_creation_e2e.py,scripts/test_po_create_e2e.py,23,21,Tooling / migration / audit script in scripts,Cleaned script filename to domain + action <= 22 chars
docs/SMRITI_UX_INTENT_MAP.md,docs/UX_INTENT_MAP.md,23,16,Documentation in docs,Standardized document filename <= 22 chars
docs/governance/SMRITI_NAMING_POLICY.md,docs/governance/NAMING_POLICY.md,23,16,Documentation in docs/governance,Standardized document filename <= 22 chars
docs/reports/2026-07-11/DOCUMENTATION_STATUS.md,docs/reports/2026-07-11/DOCUMENTATION.md,23,16,Documentation in docs/reports/2026-07-11,Standardized document filename <= 22 chars
docs/reports/2026-07-12/DOCUMENTATION_STATUS.md,docs/reports/2026-07-12/DOCUMENTATION.md,23,16,Documentation in docs/reports/2026-07-12,Standardized document filename <= 22 chars
docs/reports/2026-07-13/DOCUMENTATION_STATUS.md,docs/reports/2026-07-13/DOCUMENTATION.md,23,16,Documentation in docs/reports/2026-07-13,Standardized document filename <= 22 chars
docs/reports/2026-07-14/DOCUMENTATION_STATUS.md,docs/reports/2026-07-14/DOCUMENTATION.md,23,16,Documentation in docs/reports/2026-07-14,Standardized document filename <= 22 chars
docs/reports/2026-07-15/DOCUMENTATION_STATUS.md,docs/reports/2026-07-15/DOCUMENTATION.md,23,16,Documentation in docs/reports/2026-07-15,Standardized document filename <= 22 chars
docs/reports/2026-07-16/DOCUMENTATION_STATUS.md,docs/reports/2026-07-16/DOCUMENTATION.md,23,16,Documentation in docs/reports/2026-07-16,Standardized document filename <= 22 chars
docs/reports/2026-08-13/DOCUMENTATION_STATUS.md,docs/reports/2026-08-13/DOCUMENTATION.md,23,16,Documentation in docs/reports/2026-08-13,Standardized document filename <= 22 chars
docs/reports/2026-08-15/DOCUMENTATION_STATUS.md,docs/reports/2026-08-15/DOCUMENTATION.md,23,16,Documentation in docs/reports/2026-08-15,Standardized document filename <= 22 chars
docs/reports/2026-08-17/DOCUMENTATION_STATUS.md,docs/reports/2026-08-17/DOCUMENTATION.md,23,16,Documentation in docs/reports/2026-08-17,Standardized document filename <= 22 chars
docs/reports/2026-08-18/DOCUMENTATION_STATUS.md,docs/reports/2026-08-18/DOCUMENTATION.md,23,16,Documentation in docs/reports/2026-08-18,Standardized document filename <= 22 chars
docs/reports/2026-08-19/DOCUMENTATION_STATUS.md,docs/reports/2026-08-19/DOCUMENTATION.md,23,16,Documentation in docs/reports/2026-08-19,Standardized document filename <= 22 chars
docs/reports/2026-08-21/DOCUMENTATION_STATUS.md,docs/reports/2026-08-21/DOCUMENTATION.md,23,16,Documentation in docs/reports/2026-08-21,Standardized document filename <= 22 chars
docs/reports/2026-08-22/DOCUMENTATION_STATUS.md,docs/reports/2026-08-22/DOCUMENTATION.md,23,16,Documentation in docs/reports/2026-08-22,Standardized document filename <= 22 chars
docs/reports/2026-08-23/DOCUMENTATION_STATUS.md,docs/reports/2026-08-23/DOCUMENTATION.md,23,16,Documentation in docs/reports/2026-08-23,Standardized document filename <= 22 chars
docs/walkthrough/foundation/Foundation_SPIF_v1.0.md,docs/walkthrough/foundation/Fdn_SPIF_v1.0.md,23,16,Documentation in docs/walkthrough/foundation,Standardized document filename <= 22 chars
docs/_refactor/10_gap_migration_log.md,docs/_refactor/10_gap_migration.md,23,19,Documentation in docs/_refactor,Standardized document filename <= 22 chars
